venue_id,team,point_order,x,y
1,Angels,0,26.27,104.81
1,Angels,1,25.9321,98.8078
1,Angels,2,26.5518,92.8656
1,Angels,3,29.07,87.4574
1,Angels,4,32.9862,82.9133
1,Angels,5,37.0807,78.5115
1,Angels,6,41.2028,74.1357
1,Angels,7,45.3564,69.7897
1,Angels,8,49.4912,65.4258
1,Angels,9,53.5999,61.0373
1,Angels,10,57.7111,56.6512
1,Angels,11,62.2935,52.9245
1,Angels,12,68.1018,51.3746
1,Angels,13,73.9124,49.8335
1,Angels,14,79.7083,48.2374
1,Angels,15,85.5081,46.6556
1,Angels,16,91.3013,45.0496
1,Angels,17,97.1123,43.5094
1,Angels,18,102.9128,41.9299
1,Angels,19,108.7148,40.356
1,Angels,20,114.5159,38.7788
1,Angels,21,120.318,37.2049
1,Angels,22,126.1185,35.6255
1,Angels,23,131.8532,34.6359
1,Angels,24,137.1469,37.485
1,Angels,25,142.4413,40.3327
1,Angels,26,147.7417,43.1694
1,Angels,27,153.0351,46.0189
1,Angels,28,158.3293,48.8671
1,Angels,29,163.6222,51.7179
1,Angels,30,168.9132,54.5719
1,Angels,31,174.2212,57.3938
1,Angels,32,179.5253,60.2232
1,Angels,33,184.8151,63.0794
1,Angels,34,190.114,65.9189
1,Angels,35,195.4045,68.774
1,Angels,36,200.6806,71.6553
1,Angels,37,205.9817,74.4903
1,Angels,38,211.0969,77.6209
1,Angels,39,215.5974,81.6065
1,Angels,40,219.5957,85.9945
1,Angels,41,222.132,91.4255
1,Angels,42,223.6551,97.2326
1,Angels,43,224.1222,103.2172
1,Angels,44,223.6592,109.2013
1,Angels,45,222.142,114.8629
1,Angels,46,218.7718,119.8411
1,Angels,47,215.4016,124.8193
1,Angels,48,212.0315,129.7975
1,Angels,49,208.6613,134.7757
1,Angels,50,205.2911,139.754
1,Angels,51,201.921,144.7322
1,Angels,52,198.5508,149.7104
1,Angels,53,195.1806,154.6886
1,Angels,54,191.8105,159.6668
1,Angels,55,188.4403,164.645
1,Angels,56,185.0701,169.6233
1,Angels,57,181.7,174.6015
1,Angels,58,178.3298,179.5797
1,Angels,59,174.9596,184.5579
1,Angels,60,171.5895,189.5361
1,Angels,61,168.2193,194.5144
1,Angels,62,164.8491,199.4926
1,Angels,63,161.479,204.4708
1,Angels,64,158.1088,209.449
1,Angels,65,154.7386,214.4272
1,Angels,66,152.8612,217.1555
1,Angels,67,150.5931,219.9073
1,Angels,68,146.4632,224.1424
1,Angels,69,140.7892,228.6853
1,Angels,70,133.8886,232.3605
1,Angels,71,126.0792,233.9926
1,Angels,72,118.5986,232.576
1,Angels,73,111.8596,228.7688
1,Angels,74,106.2707,223.9872
1,Angels,75,102.2766,219.6483
1,Angels,76,100.3222,217.1693
1,Angels,77,97.6982,213.6765
1,Angels,78,94.0827,208.8735
1,Angels,79,90.4671,204.0705
1,Angels,80,86.8516,199.2675
1,Angels,81,83.2361,194.4646
1,Angels,82,79.6205,189.6616
1,Angels,83,76.005,184.8586
1,Angels,84,72.3895,180.0556
1,Angels,85,68.774,175.2526
1,Angels,86,65.1584,170.4497
1,Angels,87,61.5429,165.6467
1,Angels,88,57.9274,160.8437
1,Angels,89,54.3119,156.0407
1,Angels,90,50.6963,151.2377
1,Angels,91,47.0808,146.4347
1,Angels,92,43.4653,141.6318
1,Angels,93,39.8498,136.8288
1,Angels,94,36.2342,132.0258
1,Angels,95,32.6187,127.2228
1,Angels,96,29.0032,122.4198
1,Angels,97,27.3103,116.7801
1,Angels,98,26.5984,110.8127
1,Angels,99,26.27,104.81
2392,Astros,0,221.81,107.2
2392,Astros,1,218.0636,102.674
2392,Astros,2,214.3224,98.1437
2392,Astros,3,210.5985,93.6001
2392,Astros,4,206.8646,89.0639
2392,Astros,5,203.1352,84.5239
2392,Astros,6,199.3535,80.0274
2392,Astros,7,195.5947,75.5118
2392,Astros,8,191.8452,70.9883
2392,Astros,9,188.1086,66.4542
2392,Astros,10,184.3431,61.9443
2392,Astros,11,179.4001,59.4654
2392,Astros,12,175.3507,55.2818
2392,Astros,13,171.6199,50.743
2392,Astros,14,167.8968,46.1978
2392,Astros,15,164.1721,41.6539
2392,Astros,16,160.179,37.353
2392,Astros,17,156.6753,32.7295
2392,Astros,18,152.907,28.363
2392,Astros,19,148.0256,25.0969
2392,Astros,20,142.6698,22.7248
2392,Astros,21,136.9536,21.4272
2392,Astros,22,131.2672,21.305
2392,Astros,23,128.0857,26.1688
2392,Astros,24,122.3585,24.8576
2392,Astros,25,116.8542,25.8321
2392,Astros,26,112.0649,29.2299
2392,Astros,27,107.7807,33.2262
2392,Astros,28,103.2504,36.9534
2392,Astros,29,98.6448,40.6016
2392,Astros,30,94.0484,44.2606
2392,Astros,31,89.4598,47.9301
2392,Astros,32,84.8636,51.59
2392,Astros,33,80.2477,55.225
2392,Astros,34,75.644,58.8756
2392,Astros,35,71.0545,62.5439
2392,Astros,36,66.5456,66.2346
2392,Astros,37,67.5042,72.0312
2392,Astros,38,67.1014,77.341
2392,Astros,39,62.7223,81.2581
2392,Astros,40,58.3471,85.1796
2392,Astros,41,54.0485,89.1838
2392,Astros,42,49.8479,93.2917
2392,Astros,43,45.6357,97.3878
2392,Astros,44,41.4232,101.4836
2392,Astros,45,37.2018,105.5701
2392,Astros,46,32.9972,109.6739
2392,Astros,47,30.8809,113.4137
2392,Astros,48,35.0305,117.5731
2392,Astros,49,39.1801,121.7325
2392,Astros,50,43.3298,125.892
2392,Astros,51,47.4794,130.0514
2392,Astros,52,51.629,134.2108
2392,Astros,53,55.7787,138.3703
2392,Astros,54,59.2887,142.7665
2392,Astros,55,58.8492,148.6255
2392,Astros,56,58.4097,154.4844
2392,Astros,57,61.5803,159.1976
2392,Astros,58,65.3181,163.7307
2392,Astros,59,69.0559,168.2638
2392,Astros,60,72.7937,172.7969
2392,Astros,61,76.5316,177.33
2392,Astros,62,80.2694,181.8631
2392,Astros,63,84.0072,186.3962
2392,Astros,64,87.745,190.9293
2392,Astros,65,91.4828,195.4624
2392,Astros,66,95.2207,199.9955
2392,Astros,67,98.9585,204.5286
2392,Astros,68,102.6963,209.0617
2392,Astros,69,105.4854,212.4309
2392,Astros,70,107.8842,214.7414
2392,Astros,71,112.8805,218.3837
2392,Astros,72,119.9535,221.4669
2392,Astros,73,126.2111,222.0948
2392,Astros,74,131.3141,219.4779
2392,Astros,75,138.9591,215.5574
2392,Astros,76,144.6366,212.6458
2392,Astros,77,145.5796,211.9836
2392,Astros,78,147.0043,210.1463
2392,Astros,79,149.5584,206.8567
2392,Astros,80,153.0414,202.3784
2392,Astros,81,157.2524,196.9748
2392,Astros,82,161.9905,190.9095
2392,Astros,83,167.055,184.4459
2392,Astros,84,172.2452,177.8476
2392,Astros,85,177.3601,171.378
2392,Astros,86,182.1991,165.3008
2392,Astros,87,186.5613,159.8792
2392,Astros,88,190.2458,155.377
2392,Astros,89,193.0521,152.0575
2392,Astros,90,195.2316,149.7189
2392,Astros,91,199.8007,142.5814
2392,Astros,92,201.5888,135.6674
2392,Astros,93,201.8122,130.5981
2392,Astros,94,202.243,128.3946
2392,Astros,95,206.4255,124.2682
2392,Astros,96,210.6079,120.1418
2392,Astros,97,214.7904,116.0154
2392,Astros,98,218.9729,111.889
2392,Astros,99,221.81,107.2
10,Athletics,0,136.12,233.0
10,Athletics,1,140.6452,228.964
10,Athletics,2,145.1703,224.9281
10,Athletics,3,149.6955,220.8921
10,Athletics,4,154.2207,216.8561
10,Athletics,5,155.0514,216.3715
10,Athletics,6,156.4407,215.9046
10,Athletics,7,158.6675,215.0479
10,Athletics,8,161.6074,213.7511
10,Athletics,9,165.1358,211.9642
10,Athletics,10,169.1281,209.6367
10,Athletics,11,173.4598,206.7186
10,Athletics,12,178.0064,203.1596
10,Athletics,13,182.6433,198.9095
10,Athletics,14,187.2459,193.9181
10,Athletics,15,191.6898,188.1351
10,Athletics,16,195.8503,181.5103
10,Athletics,17,199.603,173.9936
10,Athletics,18,202.8233,165.5348
10,Athletics,19,205.3866,156.0835
10,Athletics,20,207.1684,145.5895
10,Athletics,21,209.2009,136.7262
10,Athletics,22,212.7611,131.8179
10,Athletics,23,216.3212,126.9095
10,Athletics,24,219.8814,122.0012
10,Athletics,25,223.4416,117.0929
10,Athletics,26,224.0267,111.8073
10,Athletics,27,221.7862,106.1731
10,Athletics,28,219.3169,100.6357
10,Athletics,29,216.8524,95.0957
10,Athletics,30,214.4121,89.545
10,Athletics,31,211.9302,84.0129
10,Athletics,32,209.4455,78.4825
10,Athletics,33,205.1153,74.743
10,Athletics,34,199.5191,72.4105
10,Athletics,35,193.9269,70.0675
10,Athletics,36,188.3516,67.685
10,Athletics,37,182.8515,65.1537
10,Athletics,38,177.8594,61.7193
10,Athletics,39,172.9786,58.1221
10,Athletics,40,168.0585,54.5783
10,Athletics,41,163.1268,51.0508
10,Athletics,42,158.1888,47.5335
10,Athletics,43,152.8559,44.6687
10,Athletics,44,147.3628,42.1013
10,Athletics,45,141.8715,39.53
10,Athletics,46,136.1353,37.77
10,Athletics,47,130.0718,37.77
10,Athletics,48,124.0083,37.785
10,Athletics,49,117.9451,37.83
10,Athletics,50,111.8896,38.0088
10,Athletics,51,106.3517,40.3513
10,Athletics,52,100.8923,42.9897
10,Athletics,53,95.5195,45.7964
10,Athletics,54,90.2845,48.8397
10,Athletics,55,85.2561,52.2282
10,Athletics,56,80.2086,55.5879
10,Athletics,57,75.1797,58.9756
10,Athletics,58,70.1144,62.3079
10,Athletics,59,64.8183,65.2208
10,Athletics,60,59.21,67.5259
10,Athletics,61,53.625,69.8854
10,Athletics,62,48.0728,72.3158
10,Athletics,63,42.6708,75.0253
10,Athletics,64,39.9884,80.3811
10,Athletics,65,37.4841,85.9032
10,Athletics,66,34.9947,91.4321
10,Athletics,67,32.5177,96.9665
10,Athletics,68,30.0354,102.4984
10,Athletics,69,27.632,108.0647
10,Athletics,70,25.8418,113.5725
10,Athletics,71,29.5637,118.3593
10,Athletics,72,33.2855,123.1462
10,Athletics,73,37.0074,127.933
10,Athletics,74,40.7293,132.7199
10,Athletics,75,44.4511,137.5067
10,Athletics,76,46.3305,146.8968
10,Athletics,77,48.1899,157.292
10,Athletics,78,50.8193,166.6493
10,Athletics,79,54.0941,175.0188
10,Athletics,80,57.8898,182.4507
10,Athletics,81,62.0819,188.9954
10,Athletics,82,66.5457,194.7029
10,Athletics,83,71.1567,199.6236
10,Athletics,84,75.7905,203.8076
10,Athletics,85,80.3224,207.3051
10,Athletics,86,84.6279,210.1664
10,Athletics,87,88.5825,212.4416
10,Athletics,88,92.0616,214.1811
10,Athletics,89,94.9406,215.435
10,Athletics,90,97.0951,216.2535
10,Athletics,91,98.4005,216.6868
10,Athletics,92,99.5685,217.52
10,Athletics,93,104.0937,221.556
10,Athletics,94,108.6188,225.5919
10,Athletics,95,113.144,229.6279
10,Athletics,96,117.8116,233.2813
10,Athletics,97,123.8744,233.1875
10,Athletics,98,129.9372,233.0938
10,Athletics,99,136.0,233.0
14,Blue Jays,0,28.0,106.44
14,Blue Jays,1,31.5942,101.3135
14,Blue Jays,2,35.1043,96.1304
14,Blue Jays,3,38.6959,91.0022
14,Blue Jays,4,42.2919,85.8772
14,Blue Jays,5,45.8724,80.7411
14,Blue Jays,6,49.446,75.6002
14,Blue Jays,7,53.0105,70.453
14,Blue Jays,8,56.5521,65.2903
14,Blue Jays,9,60.5045,60.4696
14,Blue Jays,10,65.562,56.7897
14,Blue Jays,11,70.685,53.1906
14,Blue Jays,12,75.7736,49.5433
14,Blue Jays,13,80.8932,45.9392
14,Blue Jays,14,86.0168,42.3409
14,Blue Jays,15,91.5695,39.6075
14,Blue Jays,16,97.7263,38.4739
14,Blue Jays,17,103.9219,37.5744
14,Blue Jays,18,110.1467,36.9061
14,Blue Jays,19,116.3931,36.4834
14,Blue Jays,20,122.6506,36.3
14,Blue Jays,21,128.9112,36.3296
14,Blue Jays,22,135.1656,36.6024
14,Blue Jays,23,141.4061,37.1014
14,Blue Jays,24,147.6229,37.8402
14,Blue Jays,25,153.8081,38.8089
14,Blue Jays,26,159.9009,40.1549
14,Blue Jays,27,165.1767,43.5083
14,Blue Jays,28,170.2989,47.1085
14,Blue Jays,29,175.4176,50.7139
14,Blue Jays,30,180.5365,54.3189
14,Blue Jays,31,185.6731,57.8985
14,Blue Jays,32,190.516,61.8431
14,Blue Jays,33,194.153,66.9341
14,Blue Jays,34,197.7324,72.071
14,Blue Jays,35,201.299,77.2167
14,Blue Jays,36,204.8756,82.3555
14,Blue Jays,37,208.4536,87.4934
14,Blue Jays,38,212.0226,92.6374
14,Blue Jays,39,215.6026,97.7739
14,Blue Jays,40,219.1971,102.9002
14,Blue Jays,41,221.9394,108.18
14,Blue Jays,42,218.4731,112.59
14,Blue Jays,43,215.3731,118.6221
14,Blue Jays,44,214.0388,123.937
14,Blue Jays,45,212.8434,129.1856
14,Blue Jays,46,211.5491,134.8591
14,Blue Jays,47,210.1379,140.8691
14,Blue Jays,48,208.5919,147.1277
14,Blue Jays,49,206.893,153.5466
14,Blue Jays,50,205.0233,160.0377
14,Blue Jays,51,202.9648,166.5129
14,Blue Jays,52,200.6995,172.884
14,Blue Jays,53,198.2094,179.0628
14,Blue Jays,54,195.4765,184.9612
14,Blue Jays,55,192.4828,190.4911
14,Blue Jays,56,189.2104,195.5642
14,Blue Jays,57,190.5359,200.1526
14,Blue Jays,58,189.4385,204.735
14,Blue Jays,59,185.2155,209.3573
14,Blue Jays,60,180.9925,213.9796
14,Blue Jays,61,176.7695,218.6018
14,Blue Jays,62,172.5465,223.2241
14,Blue Jays,63,168.0139,224.2494
14,Blue Jays,64,163.0632,220.4167
14,Blue Jays,65,161.0965,220.1692
14,Blue Jays,66,156.8728,221.0718
14,Blue Jays,67,150.4606,222.3173
14,Blue Jays,68,142.6581,223.6266
14,Blue Jays,69,134.2631,224.7206
14,Blue Jays,70,126.0491,225.3209
14,Blue Jays,71,117.3955,225.0889
14,Blue Jays,72,109.0358,224.1442
14,Blue Jays,73,101.8634,222.9148
14,Blue Jays,74,96.7718,221.8286
14,Blue Jays,75,94.6542,221.3137
14,Blue Jays,76,89.9318,224.5717
14,Blue Jays,77,84.9157,223.6858
14,Blue Jays,78,79.9869,219.8249
14,Blue Jays,79,75.0582,215.9641
14,Blue Jays,80,70.1294,212.1032
14,Blue Jays,81,65.2006,208.2423
14,Blue Jays,82,60.2718,204.3814
14,Blue Jays,83,61.059,199.1437
14,Blue Jays,84,59.3003,193.9906
14,Blue Jays,85,55.9549,188.6126
14,Blue Jays,86,52.8382,182.8041
14,Blue Jays,87,49.9447,176.6583
14,Blue Jays,88,47.2684,170.2683
14,Blue Jays,89,44.8037,163.7269
14,Blue Jays,90,42.5449,157.1273
14,Blue Jays,91,40.4862,150.5626
14,Blue Jays,92,38.622,144.1257
14,Blue Jays,93,36.9464,137.9097
14,Blue Jays,94,35.4539,132.0077
14,Blue Jays,95,34.1386,126.5127
14,Blue Jays,96,32.9949,121.5177
14,Blue Jays,97,32.017,117.1158
14,Blue Jays,98,29.3154,110.1395
14,Blue Jays,99,28.0,106.44
4705,Braves,0,219.82,108.0
4705,Braves,1,215.7329,112.0543
4705,Braves,2,211.6458,116.1086
4705,Braves,3,207.5587,120.163
4705,Braves,4,206.8957,125.2213
4705,Braves,5,206.9115,130.9619
4705,Braves,6,205.4477,136.5127
4705,Braves,7,202.6499,141.4348
4705,Braves,8,201.0854,143.3469
4705,Braves,9,198.5784,146.3881
4705,Braves,10,195.2674,150.3924
4705,Braves,11,191.2904,155.194
4705,Braves,12,186.7858,160.627
4705,Braves,13,181.8916,166.5255
4705,Braves,14,176.746,172.7236
4705,Braves,15,171.4874,179.0553
4705,Braves,16,166.2539,185.3547
4705,Braves,17,161.1836,191.4561
4705,Braves,18,156.4148,197.1934
4705,Braves,19,152.0858,202.4008
4705,Braves,20,148.3346,206.9124
4705,Braves,21,145.2995,210.5622
4705,Braves,22,143.1187,213.1844
4705,Braves,23,141.9304,214.6131
4705,Braves,24,141.5405,215.081
4705,Braves,25,139.6573,217.0383
4705,Braves,26,136.0533,219.9448
4705,Braves,27,131.0159,222.599
4705,Braves,28,124.8322,223.7997
4705,Braves,29,117.7896,222.3456
4705,Braves,30,110.1754,217.0352
4705,Braves,31,105.7932,212.1355
4705,Braves,32,102.0196,207.7879
4705,Braves,33,98.2459,203.4403
4705,Braves,34,94.4723,199.0928
4705,Braves,35,90.6986,194.7452
4705,Braves,36,86.925,190.3976
4705,Braves,37,83.1514,186.05
4705,Braves,38,79.3777,181.7024
4705,Braves,39,75.6041,177.3548
4705,Braves,40,71.8304,173.0073
4705,Braves,41,68.0568,168.6597
4705,Braves,42,64.2831,164.3121
4705,Braves,43,60.5095,159.9645
4705,Braves,44,56.7359,155.6169
4705,Braves,45,52.9622,151.2693
4705,Braves,46,49.1886,146.9218
4705,Braves,47,45.4149,142.5742
4705,Braves,48,42.9552,139.5767
4705,Braves,49,41.0414,135.2423
4705,Braves,50,40.0184,128.3842
4705,Braves,51,41.6515,121.7006
4705,Braves,52,37.6845,117.5286
4705,Braves,53,33.7176,113.3566
4705,Braves,54,29.7507,109.1847
4705,Braves,55,26.9576,104.6616
4705,Braves,56,29.4535,99.4743
4705,Braves,57,32.0054,94.314
4705,Braves,58,34.4874,89.1201
4705,Braves,59,36.9687,83.9256
4705,Braves,60,39.4671,78.7392
4705,Braves,61,41.9641,73.5522
4705,Braves,62,45.5432,69.1713
4705,Braves,63,50.2262,65.823
4705,Braves,64,54.9249,62.4967
4705,Braves,65,59.6478,59.205
4705,Braves,66,64.3437,55.8749
4705,Braves,67,69.5014,53.3797
4705,Braves,68,74.8655,51.2905
4705,Braves,69,80.225,49.1901
4705,Braves,70,85.582,47.0832
4705,Braves,71,90.862,44.7938
4705,Braves,72,96.2114,42.6666
4705,Braves,73,101.557,40.5296
4705,Braves,74,106.8969,38.3788
4705,Braves,75,112.476,37.19
4705,Braves,76,118.2323,37.13
4705,Braves,77,123.9892,37.13
4705,Braves,78,129.7461,37.13
4705,Braves,79,135.503,37.13
4705,Braves,80,141.2496,37.2794
4705,Braves,81,146.5421,39.3503
4705,Braves,82,151.6536,41.9986
4705,Braves,83,156.7767,44.6246
4705,Braves,84,161.8729,47.3024
4705,Braves,85,166.9846,49.95
4705,Braves,86,172.112,52.5672
4705,Braves,87,177.2331,55.1962
4705,Braves,88,182.3483,57.8375
4705,Braves,89,186.63,61.549
4705,Braves,90,190.0794,66.158
4705,Braves,91,193.5244,70.7703
4705,Braves,92,196.9526,75.3952
4705,Braves,93,200.4125,79.9962
4705,Braves,94,203.8914,84.583
4705,Braves,95,207.3446,89.1892
4705,Braves,96,210.7934,93.7985
4705,Braves,97,214.2328,98.4149
4705,Braves,98,217.6561,103.0432
4705,Braves,99,219.82,108.0
32,Brewers,0,22.78,106.17
32,Brewers,1,26.9678,110.3323
32,Brewers,2,31.1557,114.4947
32,Brewers,3,35.3435,118.657
32,Brewers,4,39.5313,122.8194
32,Brewers,5,43.7191,126.9817
32,Brewers,6,46.5287,131.9339
32,Brewers,7,48.0029,137.6514
32,Brewers,8,50.8017,142.7929
32,Brewers,9,53.9782,147.7701
32,Brewers,10,57.1547,152.7473
32,Brewers,11,60.3312,157.7245
32,Brewers,12,63.5077,162.7018
32,Brewers,13,66.6842,167.679
32,Brewers,14,69.8814,172.6417
32,Brewers,15,73.4922,177.3134
32,Brewers,16,77.1031,181.9851
32,Brewers,17,80.7139,186.6568
32,Brewers,18,84.3248,191.3285
32,Brewers,19,87.9356,196.0002
32,Brewers,20,91.5465,200.6719
32,Brewers,21,95.1846,205.3935
32,Brewers,22,99.3299,210.9084
32,Brewers,23,103.4116,215.7582
32,Brewers,24,107.5922,219.8169
32,Brewers,25,112.0343,222.9583
32,Brewers,26,116.9004,225.0564
32,Brewers,27,122.353,225.9851
32,Brewers,28,128.231,225.6546
32,Brewers,29,133.8271,223.8264
32,Brewers,30,138.7466,220.5928
32,Brewers,31,142.3431,216.7292
32,Brewers,32,145.3404,213.1876
32,Brewers,33,149.4446,208.2103
32,Brewers,34,154.2574,202.3029
32,Brewers,35,159.3804,195.9709
32,Brewers,36,164.415,189.7197
32,Brewers,37,168.9628,184.0548
32,Brewers,38,172.6254,179.4818
32,Brewers,39,175.0045,176.5061
32,Brewers,40,176.0845,174.9023
32,Brewers,41,178.7878,169.653
32,Brewers,42,181.4912,164.4037
32,Brewers,43,184.1946,159.1545
32,Brewers,44,186.8979,153.9052
32,Brewers,45,189.6013,148.6559
32,Brewers,46,190.5137,143.232
32,Brewers,47,194.6317,139.0005
32,Brewers,48,198.7497,134.7691
32,Brewers,49,202.8676,130.5376
32,Brewers,50,206.9856,126.3061
32,Brewers,51,211.1035,122.0746
32,Brewers,52,215.2215,117.8432
32,Brewers,53,219.3395,113.6117
32,Brewers,54,223.4574,109.3802
32,Brewers,55,226.4883,105.0928
32,Brewers,56,222.3544,100.9058
32,Brewers,57,217.9486,96.9749
32,Brewers,58,213.5428,93.044
32,Brewers,59,209.137,89.1131
32,Brewers,60,204.7312,85.1822
32,Brewers,61,200.3254,81.2513
32,Brewers,62,195.9196,77.3205
32,Brewers,63,195.0,71.8279
32,Brewers,64,191.2832,67.6216
32,Brewers,65,186.8195,63.7566
32,Brewers,66,182.3558,59.8915
32,Brewers,67,176.9866,57.4712
32,Brewers,68,171.5623,55.1388
32,Brewers,69,166.1381,52.8064
32,Brewers,70,160.7138,50.4739
32,Brewers,71,155.2895,48.1415
32,Brewers,72,150.2952,45.1446
32,Brewers,73,146.8029,40.3916
32,Brewers,74,141.8295,38.28
32,Brewers,75,135.925,38.28
32,Brewers,76,130.0205,38.28
32,Brewers,77,124.116,38.28
32,Brewers,78,118.2115,38.28
32,Brewers,79,112.307,38.28
32,Brewers,80,106.4025,38.28
32,Brewers,81,101.4449,41.1741
32,Brewers,82,96.5043,46.9416
32,Brewers,83,93.7984,49.7614
32,Brewers,84,88.4144,52.1854
32,Brewers,85,83.0304,54.6094
32,Brewers,86,77.6464,57.0334
32,Brewers,87,72.2625,59.4574
32,Brewers,88,66.8785,61.8814
32,Brewers,89,61.4945,64.3055
32,Brewers,90,56.1106,66.7295
32,Brewers,91,50.7266,69.1535
32,Brewers,92,46.509,73.2622
32,Brewers,93,42.345,77.4484
32,Brewers,94,38.181,81.6346
32,Brewers,95,34.017,85.8208
32,Brewers,96,29.8564,90.0092
32,Brewers,97,27.7239,95.5151
32,Brewers,98,25.5914,101.0211
32,Brewers,99,22.78,106.17
2889,Cardinals,0,26.93,104.71
2889,Cardinals,1,26.0769,99.0039
2889,Cardinals,2,29.0054,94.3117
2889,Cardinals,3,33.1431,90.2131
2889,Cardinals,4,37.2635,86.0965
2889,Cardinals,5,41.3895,81.9855
2889,Cardinals,6,45.5068,77.866
2889,Cardinals,7,49.6066,73.7298
2889,Cardinals,8,53.7078,69.5949
2889,Cardinals,9,57.8199,65.4701
2889,Cardinals,10,61.9598,61.3732
2889,Cardinals,11,66.1024,57.2792
2889,Cardinals,12,70.2369,53.1768
2889,Cardinals,13,74.8198,49.7818
2889,Cardinals,14,80.3494,47.9551
2889,Cardinals,15,85.8938,46.1709
2889,Cardinals,16,91.4486,44.4192
2889,Cardinals,17,96.986,42.6135
2889,Cardinals,18,102.5367,40.8489
2889,Cardinals,19,108.0753,39.0467
2889,Cardinals,20,113.7464,37.9215
2889,Cardinals,21,119.5705,37.91
2889,Cardinals,22,125.3949,37.91
2889,Cardinals,23,131.2194,37.91
2889,Cardinals,24,137.0438,37.9109
2889,Cardinals,25,142.6918,39.0864
2889,Cardinals,26,148.2169,40.9293
2889,Cardinals,27,153.7136,42.8544
2889,Cardinals,28,159.2358,44.706
2889,Cardinals,29,164.7469,46.5901
2889,Cardinals,30,170.2621,48.4628
2889,Cardinals,31,175.7768,50.3363
2889,Cardinals,32,180.5855,53.4196
2889,Cardinals,33,184.7098,57.5322
2889,Cardinals,34,188.855,61.6232
2889,Cardinals,35,192.9423,65.7723
2889,Cardinals,36,197.0541,69.8975
2889,Cardinals,37,201.1425,74.0456
2889,Cardinals,38,205.2781,78.1469
2889,Cardinals,39,209.3846,82.2772
2889,Cardinals,40,213.4843,86.4141
2889,Cardinals,41,217.645,90.4897
2889,Cardinals,42,221.5262,94.7968
2889,Cardinals,43,222.9767,100.3606
2889,Cardinals,44,224.2203,106.021
2889,Cardinals,45,220.8932,110.2851
2889,Cardinals,46,216.7737,114.4026
2889,Cardinals,47,212.6542,118.5201
2889,Cardinals,48,208.5346,122.6376
2889,Cardinals,49,204.4151,126.7551
2889,Cardinals,50,201.6558,131.8536
2889,Cardinals,51,199.0489,137.0621
2889,Cardinals,52,196.442,142.2706
2889,Cardinals,53,193.8351,147.4791
2889,Cardinals,54,191.2282,152.6875
2889,Cardinals,55,188.6213,157.896
2889,Cardinals,56,186.0144,163.1045
2889,Cardinals,57,183.4075,168.313
2889,Cardinals,58,180.8006,173.5215
2889,Cardinals,59,179.2228,176.4313
2889,Cardinals,60,177.1158,178.92
2889,Cardinals,61,173.4515,183.2428
2889,Cardinals,62,168.7816,188.7425
2889,Cardinals,63,163.6577,194.7617
2889,Cardinals,64,158.6316,200.6434
2889,Cardinals,65,154.2548,205.7301
2889,Cardinals,66,151.0792,209.3647
2889,Cardinals,67,148.3074,212.8048
2889,Cardinals,68,144.8025,216.6526
2889,Cardinals,69,140.4032,220.3216
2889,Cardinals,70,134.9462,223.2336
2889,Cardinals,71,128.2685,224.8105
2889,Cardinals,72,121.922,224.6779
2889,Cardinals,73,116.7945,223.2883
2889,Cardinals,74,112.1762,220.8091
2889,Cardinals,75,107.9102,217.3607
2889,Cardinals,76,103.8399,213.0635
2889,Cardinals,77,99.8086,208.0377
2889,Cardinals,78,95.706,202.8729
2889,Cardinals,79,91.6461,198.6966
2889,Cardinals,80,87.5862,194.5204
2889,Cardinals,81,83.5263,190.3441
2889,Cardinals,82,79.4664,186.1678
2889,Cardinals,83,75.4065,181.9915
2889,Cardinals,84,71.3465,177.8152
2889,Cardinals,85,67.2866,173.6389
2889,Cardinals,86,64.603,168.5705
2889,Cardinals,87,62.4479,163.1594
2889,Cardinals,88,60.2928,157.7483
2889,Cardinals,89,58.1377,152.3373
2889,Cardinals,90,55.9826,146.9262
2889,Cardinals,91,53.8275,141.5151
2889,Cardinals,92,51.6724,136.104
2889,Cardinals,93,49.5173,130.6929
2889,Cardinals,94,45.8096,126.2968
2889,Cardinals,95,41.7179,122.1517
2889,Cardinals,96,37.6262,118.0065
2889,Cardinals,97,33.5345,113.8614
2889,Cardinals,98,29.4427,109.7163
2889,Cardinals,99,26.93,104.71
17,Cubs,0,229.2,101.37
17,Cubs,1,225.4405,96.7448
17,Cubs,2,221.6578,92.1385
17,Cubs,3,217.8776,87.5304
17,Cubs,4,214.0681,82.9468
17,Cubs,5,209.6321,79.37
17,Cubs,6,203.8042,80.3607
17,Cubs,7,198.8906,77.403
17,Cubs,8,194.7399,73.1263
17,Cubs,9,190.5276,68.9098
17,Cubs,10,186.3241,64.6841
17,Cubs,11,182.1437,60.4356
17,Cubs,12,177.9263,56.2241
17,Cubs,13,173.7059,52.0153
17,Cubs,14,169.0779,48.2684
17,Cubs,15,164.0909,45.0071
17,Cubs,16,158.8166,42.2621
17,Cubs,17,153.2814,40.0725
17,Cubs,18,147.552,38.4308
17,Cubs,19,141.6608,37.6132
17,Cubs,20,135.7133,37.2325
17,Cubs,21,129.7808,37.7568
17,Cubs,22,123.9119,38.7169
17,Cubs,23,118.1625,40.2883
17,Cubs,24,112.8465,42.9704
17,Cubs,25,107.7049,45.9837
17,Cubs,26,102.6237,49.0992
17,Cubs,27,97.5283,52.1909
17,Cubs,28,92.4451,55.303
17,Cubs,29,87.3656,58.421
17,Cubs,30,82.2676,61.5091
17,Cubs,31,77.1823,64.6181
17,Cubs,32,72.0991,67.7307
17,Cubs,33,67.0146,70.8408
17,Cubs,34,61.9334,73.9563
17,Cubs,35,56.6087,76.4808
17,Cubs,36,50.8544,77.211
17,Cubs,37,46.189,80.8888
17,Cubs,38,41.6007,84.6934
17,Cubs,39,37.0372,88.5252
17,Cubs,40,32.4912,92.3782
17,Cubs,41,27.9219,96.2041
17,Cubs,42,23.3099,99.9799
17,Cubs,43,24.1788,104.2891
17,Cubs,44,28.4086,108.4886
17,Cubs,45,32.6233,112.7033
17,Cubs,46,36.8379,116.9179
17,Cubs,47,40.946,121.2182
17,Cubs,48,44.1449,126.2474
17,Cubs,49,47.3439,131.2767
17,Cubs,50,50.5429,136.306
17,Cubs,51,53.7418,141.3352
17,Cubs,52,56.9408,146.3645
17,Cubs,53,60.2283,151.3354
17,Cubs,54,63.5918,156.2562
17,Cubs,55,66.9553,161.1769
17,Cubs,56,70.3189,166.0976
17,Cubs,57,73.6824,171.0184
17,Cubs,58,77.0459,175.9391
17,Cubs,59,80.4095,180.8598
17,Cubs,60,83.773,185.7806
17,Cubs,61,87.1365,190.7013
17,Cubs,62,90.5001,195.622
17,Cubs,63,93.8636,200.5428
17,Cubs,64,97.2271,205.4635
17,Cubs,65,100.5906,210.3842
17,Cubs,66,103.9542,215.305
17,Cubs,67,107.3177,220.2257
17,Cubs,68,110.9508,225.2634
17,Cubs,69,116.1026,228.8619
17,Cubs,70,121.3892,229.4647
17,Cubs,71,126.6557,227.7697
17,Cubs,72,131.7471,224.4744
17,Cubs,73,137.1408,219.7669
17,Cubs,74,143.017,214.4925
17,Cubs,75,148.2375,209.783
17,Cubs,76,152.7141,205.5974
17,Cubs,77,156.3582,201.8945
17,Cubs,78,159.0816,198.6333
17,Cubs,79,160.6602,196.1383
17,Cubs,80,162.3369,193.5565
17,Cubs,81,164.9866,189.6988
17,Cubs,82,168.4435,184.7866
17,Cubs,83,172.5418,179.0417
17,Cubs,84,177.1155,172.6855
17,Cubs,85,181.9988,165.9397
17,Cubs,86,187.0259,159.026
17,Cubs,87,192.0309,152.1657
17,Cubs,88,196.848,145.5807
17,Cubs,89,201.3114,139.4924
17,Cubs,90,205.2552,134.1225
17,Cubs,91,208.5135,129.6926
17,Cubs,92,210.9205,126.4242
17,Cubs,93,212.3104,124.539
17,Cubs,94,213.9932,122.7568
17,Cubs,95,218.2079,118.5421
17,Cubs,96,222.4226,114.3274
17,Cubs,97,226.6345,110.11
17,Cubs,98,230.8434,105.8896
17,Cubs,99,229.2,101.37
15,D-backs,0,26.7,111.0
15,D-backs,1,31.1506,114.3219
15,D-backs,2,35.2405,118.5016
15,D-backs,3,39.3304,122.6812
15,D-backs,4,43.4203,126.8608
15,D-backs,5,47.5103,131.0404
15,D-backs,6,51.4724,135.3171
15,D-backs,7,54.4012,140.3786
15,D-backs,8,57.33,145.4401
15,D-backs,9,60.2588,150.5016
15,D-backs,10,63.1876,155.563
15,D-backs,11,66.1164,160.6245
15,D-backs,12,69.0452,165.686
15,D-backs,13,71.974,170.7475
15,D-backs,14,74.43,174.9721
15,D-backs,15,75.7128,176.3449
15,D-backs,16,78.6272,179.4541
15,D-backs,17,82.8134,183.9023
15,D-backs,18,87.9116,189.2924
15,D-backs,19,93.5623,195.2271
15,D-backs,20,99.4056,201.3091
15,D-backs,21,105.0819,207.141
15,D-backs,22,110.2315,212.3258
15,D-backs,23,114.4945,216.466
15,D-backs,24,117.5114,219.1644
15,D-backs,25,120.598,220.8874
15,D-backs,26,126.3303,221.8215
15,D-backs,27,131.9315,220.3178
15,D-backs,28,134.3804,218.6202
15,D-backs,29,137.7866,215.4582
15,D-backs,30,142.3036,210.9318
15,D-backs,31,147.5747,205.4524
15,D-backs,32,153.2432,199.4317
15,D-backs,33,158.9525,193.2812
15,D-backs,34,164.3458,187.4127
15,D-backs,35,169.0665,182.2376
15,D-backs,36,172.7579,178.1675
15,D-backs,37,175.0633,175.6142
15,D-backs,38,176.277,173.8907
15,D-backs,39,179.2053,168.8289
15,D-backs,40,182.1336,163.7671
15,D-backs,41,185.0618,158.7053
15,D-backs,42,187.9901,153.6435
15,D-backs,43,190.9184,148.5817
15,D-backs,44,193.8466,143.5199
15,D-backs,45,196.7749,138.4581
15,D-backs,46,200.0182,133.6365
15,D-backs,47,204.1245,129.4729
15,D-backs,48,208.2307,125.3094
15,D-backs,49,212.337,121.1458
15,D-backs,50,216.4433,116.9823
15,D-backs,51,220.5495,112.8188
15,D-backs,52,223.2001,107.7408
15,D-backs,53,223.4814,101.9829
15,D-backs,54,223.2163,96.1411
15,D-backs,55,222.5196,90.3585
15,D-backs,56,217.6659,88.514
15,D-backs,57,212.9805,85.2195
15,D-backs,58,208.595,81.3514
15,D-backs,59,204.1946,77.5
15,D-backs,60,199.8146,73.6255
15,D-backs,61,195.4585,69.7242
15,D-backs,62,191.081,65.8468
15,D-backs,63,186.7034,61.9695
15,D-backs,64,182.3192,58.0998
15,D-backs,65,177.9593,54.2027
15,D-backs,66,173.5719,50.3365
15,D-backs,67,169.1914,46.4626
15,D-backs,68,164.8189,42.5797
15,D-backs,69,159.6438,40.5
15,D-backs,70,153.796,40.5
15,D-backs,71,147.9484,40.4687
15,D-backs,72,142.1674,40.3212
15,D-backs,73,138.5748,36.3
15,D-backs,74,132.727,36.3
15,D-backs,75,126.8793,36.3
15,D-backs,76,121.0315,36.3
15,D-backs,77,115.1837,36.3
15,D-backs,78,109.8068,37.1397
15,D-backs,79,105.81,40.44
15,D-backs,80,99.9622,40.44
15,D-backs,81,94.1144,40.44
15,D-backs,82,88.287,40.7111
15,D-backs,83,83.6486,44.02
15,D-backs,84,79.2849,47.9129
15,D-backs,85,74.92,51.8044
15,D-backs,86,70.5389,55.6777
15,D-backs,87,66.1911,59.5883
15,D-backs,88,61.8192,63.472
15,D-backs,89,57.4728,67.3838
15,D-backs,90,53.1941,71.3693
15,D-backs,91,48.8413,75.2743
15,D-backs,92,44.4565,79.1434
15,D-backs,93,40.0699,83.0104
15,D-backs,94,35.6659,86.849
15,D-backs,95,30.2375,88.1948
15,D-backs,96,28.594,93.6034
15,D-backs,97,28.1679,99.4357
15,D-backs,98,27.7473,105.2683
15,D-backs,99,26.7,111.0
22,Dodgers,0,222.23,106.89
22,Dodgers,1,221.6217,100.9574
22,Dodgers,2,220.9467,95.0373
22,Dodgers,3,219.1075,89.3784
22,Dodgers,4,216.3919,84.083
22,Dodgers,5,212.9067,79.2775
22,Dodgers,6,208.0002,75.905
22,Dodgers,7,203.034,72.603
22,Dodgers,8,198.0608,69.3117
22,Dodgers,9,193.0907,66.0156
22,Dodgers,10,188.1074,62.7397
22,Dodgers,11,183.0041,59.6562
22,Dodgers,12,177.8393,56.6744
22,Dodgers,13,172.5881,53.8499
22,Dodgers,14,167.2688,51.1535
22,Dodgers,15,161.8558,48.6604
22,Dodgers,16,156.3321,46.4122
22,Dodgers,17,150.814,44.1503
22,Dodgers,18,145.1585,42.2613
22,Dodgers,19,139.4707,40.4693
22,Dodgers,20,133.5845,39.5132
22,Dodgers,21,127.6408,39.0879
22,Dodgers,22,121.6804,39.1131
22,Dodgers,23,115.747,39.6425
22,Dodgers,24,109.8935,40.7482
22,Dodgers,25,104.2096,42.5529
22,Dodgers,26,98.5712,44.4876
22,Dodgers,27,93.0488,46.7391
22,Dodgers,28,87.5268,48.9914
22,Dodgers,29,82.1447,51.555
22,Dodgers,30,76.8308,54.2621
22,Dodgers,31,71.6004,57.1228
22,Dodgers,32,66.4286,60.0923
22,Dodgers,33,61.3561,63.2262
22,Dodgers,34,56.3814,66.5154
22,Dodgers,35,51.4081,69.8066
22,Dodgers,36,46.4364,73.1002
22,Dodgers,37,41.4669,76.3971
22,Dodgers,38,36.7,79.9355
22,Dodgers,39,33.3857,84.8649
22,Dodgers,40,30.825,90.2324
22,Dodgers,41,29.1492,95.9329
22,Dodgers,42,28.5386,101.862
22,Dodgers,43,27.8929,107.7906
22,Dodgers,44,29.7783,112.8188
22,Dodgers,45,33.9852,117.0458
22,Dodgers,46,38.1922,121.2728
22,Dodgers,47,42.3991,125.4998
22,Dodgers,48,46.6061,129.7268
22,Dodgers,49,50.813,133.9538
22,Dodgers,50,55.02,138.1808
22,Dodgers,51,59.227,142.4078
22,Dodgers,52,61.8289,147.508
22,Dodgers,53,63.0923,153.3364
22,Dodgers,54,64.3558,159.1647
22,Dodgers,55,65.6192,164.9931
22,Dodgers,56,66.8826,170.8214
22,Dodgers,57,68.146,176.6498
22,Dodgers,58,69.4095,182.4781
22,Dodgers,59,72.3119,187.6082
22,Dodgers,60,75.6401,192.5568
22,Dodgers,61,78.9683,197.5055
22,Dodgers,62,82.2965,202.4541
22,Dodgers,63,85.6247,207.4028
22,Dodgers,64,89.1458,212.2099
22,Dodgers,65,93.2769,216.5054
22,Dodgers,66,97.9211,220.2403
22,Dodgers,67,103.0028,223.3539
22,Dodgers,68,108.4393,225.7955
22,Dodgers,69,114.1424,227.5255
22,Dodgers,70,120.0192,228.5158
22,Dodgers,71,126.999,228.7235
22,Dodgers,72,135.5577,227.7304
22,Dodgers,73,142.8191,225.678
22,Dodgers,74,148.8394,222.9365
22,Dodgers,75,153.6745,219.8762
22,Dodgers,76,157.3803,216.8672
22,Dodgers,77,160.013,214.2798
22,Dodgers,78,162.5213,211.5239
22,Dodgers,79,166.4533,207.0403
22,Dodgers,80,170.2479,202.4398
22,Dodgers,81,173.9017,197.7267
22,Dodgers,82,177.4112,192.9053
22,Dodgers,83,180.7734,187.98
22,Dodgers,84,183.6607,182.8323
22,Dodgers,85,184.6587,176.9527
22,Dodgers,86,185.6568,171.0731
22,Dodgers,87,186.6549,165.1935
22,Dodgers,88,187.6529,159.3139
22,Dodgers,89,188.651,153.4343
22,Dodgers,90,189.6491,147.5546
22,Dodgers,91,191.7643,142.251
22,Dodgers,92,195.9746,138.0272
22,Dodgers,93,200.1848,133.8035
22,Dodgers,94,204.3951,129.5798
22,Dodgers,95,208.6053,125.3561
22,Dodgers,96,212.8156,121.1324
22,Dodgers,97,217.0258,116.9086
22,Dodgers,98,221.2361,112.6849
22,Dodgers,99,222.23,106.89
2395,Giants,0,215.88,112.89
2395,Giants,1,213.7839,107.3464
2395,Giants,2,211.6794,101.8059
2395,Giants,3,209.533,96.2816
2395,Giants,4,207.4535,90.7318
2395,Giants,5,205.3534,85.1896
2395,Giants,6,203.2475,79.6497
2395,Giants,7,201.1553,74.1046
2395,Giants,8,197.5754,69.6905
2395,Giants,9,193.188,66.2576
2395,Giants,10,190.9962,60.7525
2395,Giants,11,188.8598,55.2243
2395,Giants,12,186.7237,49.6959
2395,Giants,13,184.5988,44.1633
2395,Giants,14,182.4781,38.629
2395,Giants,15,177.2228,37.65
2395,Giants,16,171.2961,37.65
2395,Giants,17,165.3694,37.65
2395,Giants,18,159.4427,37.65
2395,Giants,19,153.516,37.65
2395,Giants,20,147.5893,37.65
2395,Giants,21,141.6626,37.65
2395,Giants,22,135.7359,37.65
2395,Giants,23,129.8092,37.65
2395,Giants,24,123.8825,37.65
2395,Giants,25,117.9558,37.65
2395,Giants,26,112.0292,37.65
2395,Giants,27,106.1025,37.65
2395,Giants,28,100.1758,37.65
2395,Giants,29,94.5961,38.5462
2395,Giants,30,90.1219,42.4316
2395,Giants,31,85.6118,46.2764
2395,Giants,32,81.0777,50.0931
2395,Giants,33,76.5722,53.9434
2395,Giants,34,72.0341,57.7554
2395,Giants,35,67.503,61.5757
2395,Giants,36,62.974,65.3984
2395,Giants,37,58.4109,69.1801
2395,Giants,38,53.9033,73.028
2395,Giants,39,49.3864,76.8652
2395,Giants,40,44.8447,80.6728
2395,Giants,41,40.309,84.4875
2395,Giants,42,35.7785,88.3075
2395,Giants,43,31.267,92.1504
2395,Giants,44,27.643,96.706
2395,Giants,45,25.61,102.2729
2395,Giants,46,22.648,107.3523
2395,Giants,47,26.2894,111.5668
2395,Giants,48,30.5086,115.729
2395,Giants,49,34.7278,119.8912
2395,Giants,50,38.947,124.0534
2395,Giants,51,42.942,128.3902
2395,Giants,52,45.9426,133.5012
2395,Giants,53,48.9432,138.6121
2395,Giants,54,51.9439,143.7231
2395,Giants,55,54.9445,148.834
2395,Giants,56,57.9451,153.945
2395,Giants,57,60.9458,159.056
2395,Giants,58,63.9464,164.1669
2395,Giants,59,68.5012,164.9996
2395,Giants,60,72.1775,169.5202
2395,Giants,61,75.8052,174.2069
2395,Giants,62,79.4329,178.8936
2395,Giants,63,83.0606,183.5804
2395,Giants,64,86.6883,188.2671
2395,Giants,65,90.316,192.9538
2395,Giants,66,93.9438,197.6406
2395,Giants,67,97.5715,202.3273
2395,Giants,68,101.1992,207.014
2395,Giants,69,104.8269,211.7007
2395,Giants,70,108.4546,216.3875
2395,Giants,71,114.7246,219.5445
2395,Giants,72,122.2467,223.5946
2395,Giants,73,128.9727,223.4453
2395,Giants,74,134.4042,220.9864
2395,Giants,75,138.0427,218.1081
2395,Giants,76,139.3898,216.7003
2395,Giants,77,143.9135,214.1742
2395,Giants,78,147.6689,209.5891
2395,Giants,79,151.4243,205.0041
2395,Giants,80,155.1797,200.419
2395,Giants,81,158.935,195.834
2395,Giants,82,162.6904,191.2489
2395,Giants,83,166.4458,186.6638
2395,Giants,84,170.2012,182.0788
2395,Giants,85,173.9566,177.4937
2395,Giants,86,177.712,172.9086
2395,Giants,87,181.4673,168.3236
2395,Giants,88,185.4286,164.9232
2395,Giants,89,189.4765,162.7889
2395,Giants,90,192.9993,158.0228
2395,Giants,91,195.8498,154.0385
2395,Giants,92,197.8175,149.6784
2395,Giants,93,200.9251,142.5526
2395,Giants,94,204.2835,134.7669
2395,Giants,95,207.0036,128.4269
2395,Giants,96,208.1964,125.6385
2395,Giants,97,212.214,121.7189
2395,Giants,98,216.4589,117.5829
2395,Giants,99,215.88,112.89
5,Guardians,0,221.1,107.31
5,Guardians,1,217.8691,102.5787
5,Guardians,2,214.6742,97.823
5,Guardians,3,211.4762,93.0694
5,Guardians,4,208.2715,88.3202
5,Guardians,5,205.1178,83.5369
5,Guardians,6,201.9291,78.7769
5,Guardians,7,198.7316,74.0228
5,Guardians,8,195.4759,69.3084
5,Guardians,9,192.2803,64.5531
5,Guardians,10,188.3881,60.4555
5,Guardians,11,183.0518,58.37
5,Guardians,12,177.694,56.3403
5,Guardians,13,172.3592,54.2508
5,Guardians,14,167.0219,52.1677
5,Guardians,15,161.6805,50.0953
5,Guardians,16,156.3314,48.0427
5,Guardians,17,150.975,46.0092
5,Guardians,18,145.609,44.0014
5,Guardians,19,140.2453,41.9875
5,Guardians,20,134.8844,39.9668
5,Guardians,21,129.5164,37.9645
5,Guardians,22,124.1119,36.0675
5,Guardians,23,118.7557,34.0337
5,Guardians,24,113.2784,33.6879
5,Guardians,25,108.4988,36.8308
5,Guardians,26,103.7546,40.043
5,Guardians,27,99.0053,43.2476
5,Guardians,28,94.2516,46.4459
5,Guardians,29,89.5138,49.6673
5,Guardians,30,84.7406,52.8362
5,Guardians,31,80.009,56.0669
5,Guardians,32,75.2347,59.2341
5,Guardians,33,70.4765,62.4257
5,Guardians,34,65.7169,65.615
5,Guardians,35,60.9643,68.8145
5,Guardians,36,56.2013,71.9988
5,Guardians,37,51.462,75.2182
5,Guardians,38,46.7319,78.451
5,Guardians,39,43.2085,82.7939
5,Guardians,40,40.4261,87.8022
5,Guardians,41,37.685,92.8333
5,Guardians,42,34.9636,97.875
5,Guardians,43,32.2044,102.8961
5,Guardians,44,29.4564,107.9233
5,Guardians,45,29.545,112.4957
5,Guardians,46,33.5606,116.5823
5,Guardians,47,37.5762,120.669
5,Guardians,48,41.5918,124.7557
5,Guardians,49,45.6075,128.8423
5,Guardians,50,49.6231,132.929
5,Guardians,51,53.6387,137.0157
5,Guardians,52,56.8397,141.7623
5,Guardians,53,60.0044,146.5384
5,Guardians,54,63.1692,151.3144
5,Guardians,55,66.3339,156.0904
5,Guardians,56,69.4986,160.8665
5,Guardians,57,72.6633,165.6425
5,Guardians,58,75.828,170.4186
5,Guardians,59,78.9927,175.1946
5,Guardians,60,82.1575,179.9707
5,Guardians,61,85.3222,184.7467
5,Guardians,62,88.4869,189.5228
5,Guardians,63,91.6516,194.2988
5,Guardians,64,94.8163,199.0748
5,Guardians,65,97.9811,203.8509
5,Guardians,66,101.1458,208.6269
5,Guardians,67,104.3105,213.403
5,Guardians,68,107.6177,218.0752
5,Guardians,69,111.8425,221.9248
5,Guardians,70,116.8637,224.6551
5,Guardians,71,122.3914,226.1084
5,Guardians,72,128.1062,226.2027
5,Guardians,73,133.6685,224.893
5,Guardians,74,138.7313,222.243
5,Guardians,75,142.9774,218.4188
5,Guardians,76,145.1614,215.6471
5,Guardians,77,146.3873,214.274
5,Guardians,78,148.3827,211.7171
5,Guardians,79,151.0547,208.116
5,Guardians,80,154.3107,203.6102
5,Guardians,81,158.0579,198.3396
5,Guardians,82,162.2037,192.4437
5,Guardians,83,166.6552,186.0622
5,Guardians,84,171.3199,179.3348
5,Guardians,85,176.1049,172.4012
5,Guardians,86,180.9175,165.401
5,Guardians,87,185.6651,158.4738
5,Guardians,88,190.2549,151.7594
5,Guardians,89,194.5942,145.3974
5,Guardians,90,198.5902,139.5275
5,Guardians,91,202.1503,134.2893
5,Guardians,92,205.1818,129.8226
5,Guardians,93,207.5918,126.2668
5,Guardians,94,209.2878,123.7619
5,Guardians,95,210.1769,122.4473
5,Guardians,96,212.2597,120.1458
5,Guardians,97,216.1454,115.9354
5,Guardians,98,220.0312,111.7251
5,Guardians,99,221.1,107.31
680,Mariners,0,220.21,108.4
680,Mariners,1,216.0672,112.4222
680,Mariners,2,211.9245,116.4444
680,Mariners,3,207.7817,120.4666
680,Mariners,4,203.6389,124.4888
680,Mariners,5,201.9341,129.5555
680,Mariners,6,199.5514,134.8151
680,Mariners,7,197.1687,140.0747
680,Mariners,8,194.7861,145.3344
680,Mariners,9,192.4034,150.594
680,Mariners,10,190.0208,155.8536
680,Mariners,11,187.6381,161.1132
680,Mariners,12,185.2554,166.3728
680,Mariners,13,182.8728,171.6324
680,Mariners,14,179.1849,176.0501
680,Mariners,15,175.3757,180.3894
680,Mariners,16,171.5665,184.7288
680,Mariners,17,167.6211,186.8982
680,Mariners,18,164.0135,191.4066
680,Mariners,19,160.4059,195.9151
680,Mariners,20,156.7984,200.4235
680,Mariners,21,153.1908,204.9319
680,Mariners,22,149.5833,209.4404
680,Mariners,23,145.9757,213.9488
680,Mariners,24,142.6615,218.0874
680,Mariners,25,141.3213,219.1398
680,Mariners,26,137.974,221.3219
680,Mariners,27,133.0208,223.6994
680,Mariners,28,126.863,225.3377
680,Mariners,29,119.9016,225.3024
680,Mariners,30,112.538,222.659
680,Mariners,31,106.0316,217.3317
680,Mariners,32,102.1736,213.0356
680,Mariners,33,98.3156,208.7396
680,Mariners,34,94.4576,204.4435
680,Mariners,35,90.5995,200.1475
680,Mariners,36,86.7415,195.8514
680,Mariners,37,82.8835,191.5554
680,Mariners,38,79.0254,187.2593
680,Mariners,39,74.5589,185.2188
680,Mariners,40,70.6379,180.9801
680,Mariners,41,66.717,176.7414
680,Mariners,42,62.9805,172.3755
680,Mariners,43,60.4144,167.203
680,Mariners,44,57.8483,162.0304
680,Mariners,45,55.2821,156.8578
680,Mariners,46,52.716,151.6853
680,Mariners,47,50.1499,146.5127
680,Mariners,48,47.5838,141.3401
680,Mariners,49,45.0177,136.1675
680,Mariners,50,42.4515,130.995
680,Mariners,51,41.5796,125.7282
680,Mariners,52,37.3843,121.7608
680,Mariners,53,33.1891,117.7934
680,Mariners,54,28.9938,113.826
680,Mariners,55,27.56,108.6693
680,Mariners,56,27.56,102.8952
680,Mariners,57,31.2426,98.5503
680,Mariners,58,35.1362,94.2865
680,Mariners,59,39.0289,90.0219
680,Mariners,60,42.9377,85.772
680,Mariners,61,46.8243,81.5019
680,Mariners,62,50.6782,77.2021
680,Mariners,63,54.5712,72.9378
680,Mariners,64,58.4872,68.6946
680,Mariners,65,62.3635,64.4151
680,Mariners,66,66.263,60.1567
680,Mariners,67,70.9612,56.843
680,Mariners,68,75.8258,53.7328
680,Mariners,69,80.6696,50.5899
680,Mariners,70,85.7372,47.8884
680,Mariners,71,91.116,45.7885
680,Mariners,72,96.5235,43.7639
680,Mariners,73,101.9031,41.6665
680,Mariners,74,107.2256,39.4322
680,Mariners,75,112.6067,37.3383
680,Mariners,76,118.0584,35.4697
680,Mariners,77,123.5948,36.5646
680,Mariners,78,129.108,38.2808
680,Mariners,79,134.6234,39.9899
680,Mariners,80,140.1378,41.7019
680,Mariners,81,145.6551,43.405
680,Mariners,82,151.1688,45.1193
680,Mariners,83,156.6819,46.8358
680,Mariners,84,162.195,48.5522
680,Mariners,85,167.7122,50.2556
680,Mariners,86,173.2253,51.9719
680,Mariners,87,178.0682,54.6691
680,Mariners,88,181.7104,59.1495
680,Mariners,89,185.3708,63.6151
680,Mariners,90,189.0177,68.0918
680,Mariners,91,192.6568,72.5748
680,Mariners,92,196.3077,77.0482
680,Mariners,93,199.9302,81.544
680,Mariners,94,203.6007,86.0014
680,Mariners,95,207.2172,90.5025
680,Mariners,96,210.8344,95.003
680,Mariners,97,214.4701,99.4888
680,Mariners,98,218.1135,103.9683
680,Mariners,99,220.21,108.4
4169,Marlins,0,223.54,105.57
4169,Marlins,1,219.9205,100.9704
4169,Marlins,2,216.372,96.3156
4169,Marlins,3,212.7742,91.6989
4169,Marlins,4,209.1621,87.0935
4169,Marlins,5,205.521,82.511
4169,Marlins,6,201.9062,77.9076
4169,Marlins,7,198.3284,73.2755
4169,Marlins,8,194.7408,68.6508
4169,Marlins,9,191.1416,64.0351
4169,Marlins,10,187.5321,59.4275
4169,Marlins,11,183.7462,54.9904
4169,Marlins,12,179.3684,51.1054
4169,Marlins,13,174.818,47.4475
4169,Marlins,14,169.7372,44.5432
4169,Marlins,15,164.5622,41.8091
4169,Marlins,16,159.331,39.1881
4169,Marlins,17,153.9393,36.9111
4169,Marlins,18,148.4062,35.0468
4169,Marlins,19,142.7765,33.4468
4169,Marlins,20,137.0515,32.2363
4169,Marlins,21,131.2945,31.1841
4169,Marlins,22,125.4844,30.4757
4169,Marlins,23,119.6596,29.9173
4169,Marlins,24,113.8144,29.643
4169,Marlins,25,107.9648,29.8143
4169,Marlins,26,104.04,33.7678
4169,Marlins,27,100.5292,38.3733
4169,Marlins,28,95.8706,41.9008
4169,Marlins,29,90.5982,44.4006
4169,Marlins,30,85.0806,46.343
4169,Marlins,31,79.7379,48.7237
4169,Marlins,32,75.3851,52.5053
4169,Marlins,33,70.569,55.8313
4169,Marlins,34,65.7815,59.1985
4169,Marlins,35,61.1236,62.7374
4169,Marlins,36,56.6161,66.4712
4169,Marlins,37,52.1098,70.2056
4169,Marlins,38,47.9311,74.3002
4169,Marlins,39,43.7855,78.4317
4169,Marlins,40,40.1262,82.999
4169,Marlins,41,36.4718,87.5709
4169,Marlins,42,32.9406,92.2316
4169,Marlins,43,29.8418,97.1966
4169,Marlins,44,26.789,102.1904
4169,Marlins,45,24.3031,107.4565
4169,Marlins,46,27.3932,112.1363
4169,Marlins,47,31.016,116.7335
4169,Marlins,48,34.6388,121.3307
4169,Marlins,49,38.2616,125.9279
4169,Marlins,50,41.8844,130.5251
4169,Marlins,51,45.5072,135.1223
4169,Marlins,52,49.13,139.7195
4169,Marlins,53,52.7529,144.3167
4169,Marlins,54,56.3757,148.9139
4169,Marlins,55,59.9985,153.5111
4169,Marlins,56,63.6213,158.1083
4169,Marlins,57,67.2441,162.7055
4169,Marlins,58,70.8669,167.3027
4169,Marlins,59,74.4897,171.8999
4169,Marlins,60,78.1125,176.4971
4169,Marlins,61,81.7353,181.0943
4169,Marlins,62,85.3581,185.6914
4169,Marlins,63,88.9809,190.2886
4169,Marlins,64,92.6037,194.8858
4169,Marlins,65,96.2265,199.483
4169,Marlins,66,99.8493,204.0802
4169,Marlins,67,103.4721,208.6774
4169,Marlins,68,107.0949,213.2746
4169,Marlins,69,113.4108,220.0038
4169,Marlins,70,120.7727,224.1204
4169,Marlins,71,127.4501,224.7063
4169,Marlins,72,133.2159,222.9165
4169,Marlins,73,137.8426,219.9059
4169,Marlins,74,141.103,216.8294
4169,Marlins,75,142.7698,214.8421
4169,Marlins,76,145.0186,211.9623
4169,Marlins,77,148.6328,207.3584
4169,Marlins,78,152.2471,202.7545
4169,Marlins,79,155.8613,198.1506
4169,Marlins,80,159.4756,193.5466
4169,Marlins,81,163.0899,188.9427
4169,Marlins,82,166.7041,184.3388
4169,Marlins,83,170.3184,179.7349
4169,Marlins,84,173.9327,175.131
4169,Marlins,85,177.5469,170.5271
4169,Marlins,86,181.1612,165.9232
4169,Marlins,87,184.7754,161.3192
4169,Marlins,88,188.3897,156.7153
4169,Marlins,89,192.004,152.1114
4169,Marlins,90,195.6182,147.5075
4169,Marlins,91,199.2325,142.9036
4169,Marlins,92,202.8468,138.2997
4169,Marlins,93,206.461,133.6958
4169,Marlins,94,210.0753,129.0918
4169,Marlins,95,213.6896,124.4879
4169,Marlins,96,217.3038,119.884
4169,Marlins,97,220.9181,115.2801
4169,Marlins,98,224.5323,110.6762
4169,Marlins,99,223.54,105.57
3289,Mets,0,222.17,107.22
3289,Mets,1,218.0985,111.4588
3289,Mets,2,214.0269,115.6976
3289,Mets,3,209.9554,119.9364
3289,Mets,4,205.8838,124.1752
3289,Mets,5,201.8123,128.414
3289,Mets,6,197.7407,132.6528
3289,Mets,7,193.6692,136.8916
3289,Mets,8,189.5976,141.1304
3289,Mets,9,187.9418,146.6131
3289,Mets,10,186.8563,152.3895
3289,Mets,11,185.7708,158.1659
3289,Mets,12,184.6853,163.9423
3289,Mets,13,183.5998,169.7187
3289,Mets,14,182.731,171.3697
3289,Mets,15,180.3611,174.8065
3289,Mets,16,176.8049,179.9344
3289,Mets,17,172.4854,186.1152
3289,Mets,18,167.8256,192.7103
3289,Mets,19,163.2486,199.0815
3289,Mets,20,159.1773,204.5904
3289,Mets,21,156.0347,208.5985
3289,Mets,22,152.1799,213.2857
3289,Mets,23,147.0057,217.3458
3289,Mets,24,141.4132,219.9425
3289,Mets,25,135.7955,221.3967
3289,Mets,26,130.5454,222.0288
3289,Mets,27,125.9137,222.1592
3289,Mets,28,119.994,221.9219
3289,Mets,29,114.403,221.1268
3289,Mets,30,109.122,219.5769
3289,Mets,31,104.1322,217.075
3289,Mets,32,99.4149,213.424
3289,Mets,33,95.0283,208.507
3289,Mets,34,91.5613,203.761
3289,Mets,35,88.0943,199.0149
3289,Mets,36,84.6274,194.2689
3289,Mets,37,81.1604,189.5228
3289,Mets,38,77.6934,184.7768
3289,Mets,39,74.2264,180.0307
3289,Mets,40,70.7594,175.2847
3289,Mets,41,67.3148,170.5282
3289,Mets,42,65.9109,164.8208
3289,Mets,43,64.5069,159.1135
3289,Mets,44,63.103,153.4061
3289,Mets,45,61.699,147.6988
3289,Mets,46,60.2951,141.9914
3289,Mets,47,57.068,137.3129
3289,Mets,48,52.9083,133.1605
3289,Mets,49,48.7486,129.0082
3289,Mets,50,44.5889,124.8559
3289,Mets,51,40.4292,120.7035
3289,Mets,52,36.2695,116.5512
3289,Mets,53,32.1098,112.3989
3289,Mets,54,27.9501,108.2465
3289,Mets,55,25.7161,103.43
3289,Mets,56,28.2513,98.1274
3289,Mets,57,30.795,92.8289
3289,Mets,58,33.3366,87.5294
3289,Mets,59,37.8225,83.8225
3289,Mets,60,42.6032,80.4034
3289,Mets,61,47.3953,77.0004
3289,Mets,62,52.2117,73.6333
3289,Mets,63,57.1063,70.3793
3289,Mets,64,61.9942,67.1155
3289,Mets,65,66.8693,63.8327
3289,Mets,66,71.7651,60.5809
3289,Mets,67,76.6821,57.361
3289,Mets,68,81.5634,54.0873
3289,Mets,69,86.3213,50.6371
3289,Mets,70,91.0621,47.163
3289,Mets,71,95.7973,43.6813
3289,Mets,72,100.5386,40.2079
3289,Mets,73,105.2699,36.721
3289,Mets,74,110.0128,33.2498
3289,Mets,75,115.6882,32.14
3289,Mets,76,121.5657,32.14
3289,Mets,77,127.4427,32.0945
3289,Mets,78,133.3201,32.08
3289,Mets,79,138.8616,33.6982
3289,Mets,80,143.8652,36.7814
3289,Mets,81,148.8546,39.8879
3289,Mets,82,153.8473,42.9891
3289,Mets,83,158.8407,46.0892
3289,Mets,84,163.831,49.1944
3289,Mets,85,168.8157,52.3085
3289,Mets,86,173.8003,55.4227
3289,Mets,87,178.7983,58.5153
3289,Mets,88,184.0189,61.1456
3289,Mets,89,189.7167,62.5877
3289,Mets,90,195.413,64.0358
3289,Mets,91,199.9757,67.4161
3289,Mets,92,203.3362,72.2381
3289,Mets,93,206.6881,77.0662
3289,Mets,94,210.0396,81.8945
3289,Mets,95,213.3688,86.7381
3289,Mets,96,215.1626,92.2506
3289,Mets,97,216.8779,97.7431
3289,Mets,98,220.2687,102.5438
3289,Mets,99,222.17,107.22
3309,Nationals,0,223.37,105.46
3309,Nationals,1,220.5617,100.3281
3309,Nationals,2,217.7842,95.1795
3309,Nationals,3,215.0041,90.0325
3309,Nationals,4,212.2279,84.8833
3309,Nationals,5,209.431,79.7451
3309,Nationals,6,206.6292,74.6097
3309,Nationals,7,202.053,71.1809
3309,Nationals,8,196.6926,68.8392
3309,Nationals,9,191.3744,66.4031
3309,Nationals,10,186.0424,63.9965
3309,Nationals,11,180.7127,61.5844
3309,Nationals,12,175.3821,59.1745
3309,Nationals,13,170.017,56.8479
3309,Nationals,14,164.6727,54.4689
3309,Nationals,15,159.3389,52.0668
3309,Nationals,16,153.9992,49.6777
3309,Nationals,17,148.6483,47.3133
3309,Nationals,18,143.3177,44.9032
3309,Nationals,19,137.9999,42.4656
3309,Nationals,20,132.6596,40.0772
3309,Nationals,21,127.3179,37.6919
3309,Nationals,22,121.9655,35.3486
3309,Nationals,23,116.5188,36.3703
3309,Nationals,24,111.3819,39.1696
3309,Nationals,25,106.2563,41.9894
3309,Nationals,26,101.1559,44.8541
3309,Nationals,27,96.0176,47.6507
3309,Nationals,28,90.8895,50.466
3309,Nationals,29,85.6383,49.8163
3309,Nationals,30,80.4368,52.4755
3309,Nationals,31,75.3078,55.2891
3309,Nationals,32,70.1892,58.1217
3309,Nationals,33,65.0529,60.9218
3309,Nationals,34,59.9527,63.7873
3309,Nationals,35,54.8233,66.6
3309,Nationals,36,49.9725,69.7284
3309,Nationals,37,45.7651,73.6687
3309,Nationals,38,42.3656,78.3893
3309,Nationals,39,39.2391,83.3336
3309,Nationals,40,36.1636,88.3101
3309,Nationals,41,33.0613,93.2696
3309,Nationals,42,29.9984,98.2537
3309,Nationals,43,26.9041,103.2182
3309,Nationals,44,24.8202,107.8014
3309,Nationals,45,29.0359,111.8573
3309,Nationals,46,33.2517,115.9133
3309,Nationals,47,37.4675,119.9693
3309,Nationals,48,41.6833,124.0253
3309,Nationals,49,44.2448,128.8389
3309,Nationals,50,44.5624,134.6804
3309,Nationals,51,46.1532,140.1541
3309,Nationals,52,48.9991,145.2654
3309,Nationals,53,51.8449,150.3766
3309,Nationals,54,54.6908,155.4879
3309,Nationals,55,57.5366,160.5991
3309,Nationals,56,60.3825,165.7103
3309,Nationals,57,63.2284,170.8216
3309,Nationals,58,66.0742,175.9328
3309,Nationals,59,70.2385,179.9984
3309,Nationals,60,74.5673,183.9336
3309,Nationals,61,78.8961,187.8687
3309,Nationals,62,83.2249,191.8038
3309,Nationals,63,87.5537,195.7389
3309,Nationals,64,91.8825,199.674
3309,Nationals,65,96.2113,203.6091
3309,Nationals,66,100.5401,207.5442
3309,Nationals,67,104.8689,211.4793
3309,Nationals,68,109.1978,215.4144
3309,Nationals,69,115.0615,220.5557
3309,Nationals,70,123.1279,223.9434
3309,Nationals,71,130.2082,223.3896
3309,Nationals,72,135.7413,220.8642
3309,Nationals,73,139.1664,218.3375
3309,Nationals,74,139.9226,217.7793
3309,Nationals,75,143.9248,214.3723
3309,Nationals,76,148.3584,210.5556
3309,Nationals,77,152.7921,206.739
3309,Nationals,78,157.2257,202.9224
3309,Nationals,79,161.6593,199.1058
3309,Nationals,80,166.093,195.2891
3309,Nationals,81,170.5266,191.4725
3309,Nationals,82,174.9602,187.6559
3309,Nationals,83,179.3939,183.8393
3309,Nationals,84,183.8275,180.0227
3309,Nationals,85,187.2353,176.9059
3309,Nationals,86,188.838,173.4812
3309,Nationals,87,191.5638,167.4726
3309,Nationals,88,194.9099,160.0221
3309,Nationals,89,198.3733,152.2717
3309,Nationals,90,201.4512,145.3636
3309,Nationals,91,203.6407,140.4399
3309,Nationals,92,204.4525,138.4386
3309,Nationals,93,204.8158,132.5998
3309,Nationals,94,205.5888,126.9476
3309,Nationals,95,209.7552,122.8409
3309,Nationals,96,213.9216,118.7342
3309,Nationals,97,218.0879,114.6274
3309,Nationals,98,222.2543,110.5207
3309,Nationals,99,223.37,105.46
2,Orioles,0,218.5,109.8
2,Orioles,1,216.0805,104.2822
2,Orioles,2,214.1003,98.5378
2,Orioles,3,212.1201,92.7935
2,Orioles,4,210.1399,87.0492
2,Orioles,5,208.1597,81.3048
2,Orioles,6,205.7238,76.1814
2,Orioles,7,199.65,76.0142
2,Orioles,8,194.378,74.3886
2,Orioles,9,190.9745,69.3553
2,Orioles,10,187.571,64.3219
2,Orioles,11,184.1675,59.2885
2,Orioles,12,181.1108,54.1267
2,Orioles,13,179.7151,51.0569
2,Orioles,14,174.3246,50.6963
2,Orioles,15,168.463,49.0961
2,Orioles,16,162.6015,47.4959
2,Orioles,17,156.7399,45.8958
2,Orioles,18,150.8783,44.2956
2,Orioles,19,145.0167,42.6954
2,Orioles,20,139.1552,41.0952
2,Orioles,21,133.2936,39.495
2,Orioles,22,127.432,37.8948
2,Orioles,23,121.5705,36.2946
2,Orioles,24,115.7089,34.6944
2,Orioles,25,110.1157,34.6854
2,Orioles,26,105.1032,38.1196
2,Orioles,27,100.0907,41.5538
2,Orioles,28,95.0782,44.988
2,Orioles,29,90.0657,48.4221
2,Orioles,30,85.0532,51.8563
2,Orioles,31,80.9102,50.6403
2,Orioles,32,77.4772,45.627
2,Orioles,33,72.9025,46.6394
2,Orioles,34,67.8735,50.0494
2,Orioles,35,62.8445,53.4594
2,Orioles,36,57.8155,56.8693
2,Orioles,37,52.7866,60.2793
2,Orioles,38,47.7576,63.6893
2,Orioles,39,42.7286,67.0993
2,Orioles,40,37.6996,70.5093
2,Orioles,41,32.6707,73.9193
2,Orioles,42,27.6417,77.3293
2,Orioles,43,24.8542,82.57
2,Orioles,44,23.0236,88.2004
2,Orioles,45,24.8717,93.9886
2,Orioles,46,26.7197,99.7768
2,Orioles,47,27.3624,105.3496
2,Orioles,48,28.2701,108.7994
2,Orioles,49,28.9499,109.7633
2,Orioles,50,30.3029,111.6816
2,Orioles,51,32.2675,114.4672
2,Orioles,52,34.7823,118.0328
2,Orioles,53,37.7859,122.2911
2,Orioles,54,41.2168,127.1552
2,Orioles,55,45.0135,132.5376
2,Orioles,56,49.1145,138.3514
2,Orioles,57,53.4584,144.5092
2,Orioles,58,57.9838,150.9239
2,Orioles,59,62.6291,157.5082
2,Orioles,60,67.333,164.1751
2,Orioles,61,72.0339,170.8373
2,Orioles,62,76.6704,177.4076
2,Orioles,63,81.181,183.7988
2,Orioles,64,85.5043,189.9238
2,Orioles,65,89.5788,195.6953
2,Orioles,66,93.3431,201.0262
2,Orioles,67,96.7356,205.8293
2,Orioles,68,99.9931,210.4294
2,Orioles,69,105.5477,217.1218
2,Orioles,70,111.1087,222.0315
2,Orioles,71,116.6152,225.2867
2,Orioles,72,122.0061,227.0156
2,Orioles,73,127.2204,227.3462
2,Orioles,74,132.1971,226.4067
2,Orioles,75,136.8753,224.3252
2,Orioles,76,141.1938,221.2299
2,Orioles,77,145.0917,217.2488
2,Orioles,78,148.508,212.5101
2,Orioles,79,150.1793,210.0261
2,Orioles,80,152.0695,207.3444
2,Orioles,81,154.4404,203.9812
2,Orioles,82,157.2382,200.0116
2,Orioles,83,160.4091,195.5109
2,Orioles,84,163.8994,190.5543
2,Orioles,85,167.6553,185.2171
2,Orioles,86,171.6232,179.5746
2,Orioles,87,175.7491,173.7019
2,Orioles,88,179.9795,167.6744
2,Orioles,89,184.2606,161.5673
2,Orioles,90,188.5385,155.4557
2,Orioles,91,192.7596,149.4151
2,Orioles,92,196.8701,143.5205
2,Orioles,93,200.8162,137.8473
2,Orioles,94,204.5443,132.4708
2,Orioles,95,208.0005,127.4661
2,Orioles,96,211.1303,122.9314
2,Orioles,97,217.3679,121.8926
2,Orioles,98,222.4366,120.0294
2,Orioles,99,220.9122,113.0076
2,Orioles,100,218.5,109.8
2680,Padres,0,23.37,108.77
2680,Padres,1,27.5024,112.8734
2680,Padres,2,31.6347,116.9767
2680,Padres,3,35.7671,121.0801
2680,Padres,4,39.8995,125.1835
2680,Padres,5,44.0318,129.2868
2680,Padres,6,48.1642,133.3902
2680,Padres,7,52.2966,137.4936
2680,Padres,8,54.72,142.3083
2680,Padres,9,55.2511,147.9759
2680,Padres,10,58.4007,152.8742
2680,Padres,11,61.5504,157.7725
2680,Padres,12,64.7001,162.6709
2680,Padres,13,67.8498,167.5692
2680,Padres,14,70.9994,172.4675
2680,Padres,15,74.1491,177.3658
2680,Padres,16,77.2988,182.2642
2680,Padres,17,81.0715,186.6453
2680,Padres,18,84.1876,191.4909
2680,Padres,19,87.0843,196.5103
2680,Padres,20,91.1115,200.7168
2680,Padres,21,95.1388,204.9234
2680,Padres,22,99.166,209.13
2680,Padres,23,104.1508,210.7808
2680,Padres,24,108.2918,214.8755
2680,Padres,25,112.4328,218.9701
2680,Padres,26,117.6094,221.5145
2680,Padres,27,123.0547,223.39
2680,Padres,28,128.8783,223.39
2680,Padres,29,134.167,221.0995
2680,Padres,30,139.0808,218.0818
2680,Padres,31,143.2847,214.0518
2680,Padres,32,148.2451,211.5977
2680,Padres,33,152.189,207.313
2680,Padres,34,156.133,203.0282
2680,Padres,35,160.077,198.7435
2680,Padres,36,164.021,194.4587
2680,Padres,37,167.3357,189.6793
2680,Padres,38,170.9213,185.1312
2680,Padres,39,174.1234,180.3137
2680,Padres,40,177.0456,175.2764
2680,Padres,41,179.9677,170.239
2680,Padres,42,182.8899,165.2016
2680,Padres,43,185.812,160.1643
2680,Padres,44,188.7342,155.1269
2680,Padres,45,191.6563,150.0895
2680,Padres,46,195.393,145.6787
2680,Padres,47,199.5122,141.5621
2680,Padres,48,203.6314,137.4455
2680,Padres,49,207.7505,133.3289
2680,Padres,50,211.8697,129.2123
2680,Padres,51,215.9889,125.0957
2680,Padres,52,220.1081,120.9791
2680,Padres,53,224.2272,116.8625
2680,Padres,54,221.5668,112.3432
2680,Padres,55,217.7141,107.9901
2680,Padres,56,214.698,103.3972
2680,Padres,57,214.5597,97.5753
2680,Padres,58,214.4066,91.7538
2680,Padres,59,211.2606,87.2178
2680,Padres,60,207.1413,83.1013
2680,Padres,61,203.0334,78.9734
2680,Padres,62,198.9174,74.8537
2680,Padres,63,194.8027,70.7327
2680,Padres,64,190.6848,66.6148
2680,Padres,65,186.5669,62.4969
2680,Padres,66,182.456,58.372
2680,Padres,67,178.3386,54.2537
2680,Padres,68,174.1265,50.2426
2680,Padres,69,169.2376,47.0989
2680,Padres,70,164.2157,44.1504
2680,Padres,71,158.8467,42.0138
2680,Padres,72,153.1085,41.0207
2680,Padres,73,147.3764,39.9929
2680,Padres,74,141.5828,39.5895
2680,Padres,75,135.76,39.6734
2680,Padres,76,129.9374,39.7777
2680,Padres,77,124.1144,39.8466
2680,Padres,78,118.2917,39.9403
2680,Padres,79,112.6055,40.5862
2680,Padres,80,107.1274,42.359
2680,Padres,81,101.3059,42.5136
2680,Padres,82,95.4849,42.6827
2680,Padres,83,90.1876,44.7405
2680,Padres,84,85.1151,47.6013
2680,Padres,85,80.0442,50.4648
2680,Padres,86,75.5141,54.0659
2680,Padres,87,71.3912,58.1788
2680,Padres,88,67.2733,62.2967
2680,Padres,89,63.1554,66.4146
2680,Padres,90,59.0361,70.531
2680,Padres,91,54.9168,74.6475
2680,Padres,92,50.8018,78.7682
2680,Padres,93,46.6833,82.8856
2680,Padres,94,42.564,87.002
2680,Padres,95,38.4447,91.1185
2680,Padres,96,34.3253,95.235
2680,Padres,97,30.3685,99.4993
2680,Padres,98,27.1339,104.3418
2680,Padres,99,23.37,108.77
2681,Phillies,0,30.17,114.8
2681,Phillies,1,34.1579,118.8679
2681,Phillies,2,38.1457,122.9358
2681,Phillies,3,42.1336,127.0037
2681,Phillies,4,46.1215,131.0716
2681,Phillies,5,47.0382,136.3639
2681,Phillies,6,48.8466,141.5188
2681,Phillies,7,51.9222,146.3137
2681,Phillies,8,54.9979,151.1086
2681,Phillies,9,58.0736,155.9035
2681,Phillies,10,61.1493,160.6984
2681,Phillies,11,64.2249,165.4934
2681,Phillies,12,67.3006,170.2883
2681,Phillies,13,71.3491,174.2871
2681,Phillies,14,75.4404,178.251
2681,Phillies,15,79.5316,182.2149
2681,Phillies,16,83.6229,186.1789
2681,Phillies,17,87.7142,190.1428
2681,Phillies,18,91.8054,194.1067
2681,Phillies,19,95.8967,198.0706
2681,Phillies,20,99.9879,202.0345
2681,Phillies,21,104.0792,205.9984
2681,Phillies,22,108.1704,209.9623
2681,Phillies,23,112.2617,213.9262
2681,Phillies,24,116.515,217.49
2681,Phillies,25,122.2116,217.49
2681,Phillies,26,127.9081,217.49
2681,Phillies,27,133.6047,217.49
2681,Phillies,28,138.2035,214.8634
2681,Phillies,29,142.206,210.8098
2681,Phillies,30,146.2084,206.7563
2681,Phillies,31,150.2109,202.7027
2681,Phillies,32,154.2134,198.6492
2681,Phillies,33,158.2158,194.5956
2681,Phillies,34,162.2183,190.5421
2681,Phillies,35,166.2207,186.4885
2681,Phillies,36,170.2232,182.435
2681,Phillies,37,174.2256,178.3814
2681,Phillies,38,178.2281,174.3279
2681,Phillies,39,182.2306,170.2743
2681,Phillies,40,185.7069,165.8087
2681,Phillies,41,188.6837,160.9518
2681,Phillies,42,191.6606,156.0949
2681,Phillies,43,194.6374,151.238
2681,Phillies,44,197.6142,146.3811
2681,Phillies,45,200.591,141.5242
2681,Phillies,46,203.1413,136.5589
2681,Phillies,47,203.0724,130.9576
2681,Phillies,48,207.1005,126.9295
2681,Phillies,49,211.1285,122.9015
2681,Phillies,50,215.1566,118.8734
2681,Phillies,51,219.1847,114.8453
2681,Phillies,52,223.2128,110.8172
2681,Phillies,53,222.2059,106.3908
2681,Phillies,54,218.1962,102.3465
2681,Phillies,55,214.183,98.3037
2681,Phillies,56,210.2269,94.2062
2681,Phillies,57,206.2293,90.148
2681,Phillies,58,202.2307,86.0907
2681,Phillies,59,198.1798,82.0858
2681,Phillies,60,194.1849,78.0249
2681,Phillies,61,190.1584,73.9953
2681,Phillies,62,186.139,69.9594
2681,Phillies,63,182.1115,65.9315
2681,Phillies,64,178.0855,61.9014
2681,Phillies,65,174.077,57.8539
2681,Phillies,66,170.0485,53.8263
2681,Phillies,67,166.0391,49.7796
2681,Phillies,68,162.0039,45.7588
2681,Phillies,69,157.9883,41.7183
2681,Phillies,70,153.2293,38.8088
2681,Phillies,71,147.5773,38.0987
2681,Phillies,72,141.9187,37.4425
2681,Phillies,73,136.2642,36.7515
2681,Phillies,74,130.6063,36.0894
2681,Phillies,75,124.9493,35.4208
2681,Phillies,76,119.2975,34.7077
2681,Phillies,77,113.6366,34.0721
2681,Phillies,78,107.9787,33.8054
2681,Phillies,79,103.6534,37.2189
2681,Phillies,80,99.6142,41.2358
2681,Phillies,81,95.5888,45.2666
2681,Phillies,82,90.4235,46.6491
2681,Phillies,83,84.859,47.2738
2681,Phillies,84,80.5236,50.8964
2681,Phillies,85,76.5101,54.9391
2681,Phillies,86,72.4771,58.9622
2681,Phillies,87,68.4713,63.0121
2681,Phillies,88,64.4465,67.0435
2681,Phillies,89,60.4232,71.0763
2681,Phillies,90,56.3267,75.0342
2681,Phillies,91,52.2994,79.0631
2681,Phillies,92,48.2802,83.0998
2681,Phillies,93,44.2522,87.1278
2681,Phillies,94,40.2195,91.1505
2681,Phillies,95,36.2068,95.1939
2681,Phillies,96,32.1707,99.2135
2681,Phillies,97,28.8011,103.7114
2681,Phillies,98,28.5891,108.3789
2681,Phillies,99,30.17,114.8
31,Pirates,0,29.52,108.33
31,Pirates,1,30.1898,102.5508
31,Pirates,2,30.8689,96.7726
31,Pirates,3,31.536,90.993
31,Pirates,4,32.2428,85.2181
31,Pirates,5,33.819,79.8169
31,Pirates,6,38.1468,75.9538
31,Pirates,7,42.6305,72.2463
31,Pirates,8,47.1038,68.5264
31,Pirates,9,51.6012,64.8358
31,Pirates,10,56.0796,61.1223
31,Pirates,11,60.5617,57.413
31,Pirates,12,65.0247,53.6807
31,Pirates,13,69.5052,49.9694
31,Pirates,14,73.9826,46.2546
31,Pirates,15,78.4452,42.5218
31,Pirates,16,82.9208,41.5535
31,Pirates,17,87.85,44.4025
31,Pirates,18,93.5545,43.6557
31,Pirates,19,99.2834,42.6422
31,Pirates,20,105.0111,41.6214
31,Pirates,21,110.7448,40.6348
31,Pirates,22,116.4749,39.6273
31,Pirates,23,122.2016,38.601
31,Pirates,24,127.9544,38.4169
31,Pirates,25,133.6529,39.5866
31,Pirates,26,139.3473,40.7791
31,Pirates,27,145.0426,41.9666
31,Pirates,28,150.7405,43.1421
31,Pirates,29,156.3131,44.7412
31,Pirates,30,161.5208,47.3351
31,Pirates,31,166.6668,50.048
31,Pirates,32,171.8754,52.6401
31,Pirates,33,177.0768,55.2464
31,Pirates,34,182.2811,57.8471
31,Pirates,35,186.8759,61.2699
31,Pirates,36,190.159,66.073
31,Pirates,37,193.4562,70.8665
31,Pirates,38,196.7221,75.6813
31,Pirates,39,199.9965,80.4903
31,Pirates,40,203.2746,85.2969
31,Pirates,41,206.5713,90.0906
31,Pirates,42,209.8436,94.9008
31,Pirates,43,213.1505,99.6871
31,Pirates,44,216.4473,104.4807
31,Pirates,45,219.7063,109.3001
31,Pirates,46,218.9667,114.0701
31,Pirates,47,214.881,118.2122
31,Pirates,48,210.7954,122.3542
31,Pirates,49,206.7097,126.4962
31,Pirates,50,203.5046,131.1804
31,Pirates,51,201.6452,136.6932
31,Pirates,52,199.7858,142.2061
31,Pirates,53,197.9264,147.7189
31,Pirates,54,196.067,153.2318
31,Pirates,55,194.545,157.6996
31,Pirates,56,193.6693,158.734
31,Pirates,57,191.6667,161.0978
31,Pirates,58,188.7064,164.5891
31,Pirates,59,184.9574,169.0058
31,Pirates,60,180.589,174.1461
31,Pirates,61,175.7703,179.8079
31,Pirates,62,170.6704,185.7892
31,Pirates,63,165.4585,191.8881
31,Pirates,64,160.3037,197.9027
31,Pirates,65,155.3752,203.6308
31,Pirates,66,150.8421,208.8706
31,Pirates,67,146.8736,213.4201
31,Pirates,68,143.6388,217.0773
31,Pirates,69,139.8695,221.0099
31,Pirates,70,133.5825,224.9755
31,Pirates,71,128.3862,226.0537
31,Pirates,72,124.7043,226.0008
31,Pirates,73,119.0691,225.0207
31,Pirates,74,113.8848,222.2862
31,Pirates,75,109.3157,218.4377
31,Pirates,76,105.3613,214.1191
31,Pirates,77,101.9388,209.8503
31,Pirates,78,98.3893,205.2406
31,Pirates,79,94.8398,200.6308
31,Pirates,80,91.2903,196.0211
31,Pirates,81,87.7408,191.4113
31,Pirates,82,84.1913,186.8015
31,Pirates,83,80.6418,182.1918
31,Pirates,84,77.0923,177.582
31,Pirates,85,73.5428,172.9723
31,Pirates,86,69.9933,168.3625
31,Pirates,87,66.4437,163.7528
31,Pirates,88,62.8942,159.143
31,Pirates,89,59.3447,154.5333
31,Pirates,90,55.7952,149.9235
31,Pirates,91,52.2457,145.3138
31,Pirates,92,48.6962,140.704
31,Pirates,93,48.2748,135.1727
31,Pirates,94,48.7579,129.3748
31,Pirates,95,45.9927,124.7687
31,Pirates,96,41.8745,120.659
31,Pirates,97,37.7564,116.5494
31,Pirates,98,33.6382,112.4397
31,Pirates,99,29.52,108.33
5325,Rangers,0,221.66,106.8
5325,Rangers,1,221.2052,100.9248
5325,Rangers,2,220.5634,95.0752
5325,Rangers,3,217.0891,90.5411
5325,Rangers,4,212.9274,86.3692
5325,Rangers,5,208.7537,82.2094
5325,Rangers,6,204.5908,78.039
5325,Rangers,7,200.4242,73.872
5325,Rangers,8,196.2444,69.719
5325,Rangers,9,192.0749,65.5549
5325,Rangers,10,187.909,61.3872
5325,Rangers,11,183.753,57.2145
5325,Rangers,12,178.3758,55.5477
5325,Rangers,13,173.5273,52.8299
5325,Rangers,14,169.3367,48.687
5325,Rangers,15,165.1413,44.5492
5325,Rangers,16,160.9631,40.3937
5325,Rangers,17,156.5665,36.6531
5325,Rangers,18,150.7055,36.2935
5325,Rangers,19,144.8132,36.34
5325,Rangers,20,138.9211,36.4
5325,Rangers,21,133.0283,36.4
5325,Rangers,22,127.1356,36.4
5325,Rangers,23,121.243,36.4368
5325,Rangers,24,115.3504,36.46
5325,Rangers,25,109.4576,36.46
5325,Rangers,26,103.568,36.5294
5325,Rangers,27,98.1043,38.4361
5325,Rangers,28,92.6813,40.7412
5325,Rangers,29,87.2455,43.0159
5325,Rangers,30,81.8213,45.3186
5325,Rangers,31,76.3976,47.6224
5325,Rangers,32,71.0737,50.0898
5325,Rangers,33,66.7247,54.0453
5325,Rangers,34,62.5518,58.206
5325,Rangers,35,58.3464,62.3336
5325,Rangers,36,54.1796,66.5004
5325,Rangers,37,50.0232,70.6775
5325,Rangers,38,45.8612,74.8488
5325,Rangers,39,41.7019,79.0231
5325,Rangers,40,37.5079,83.1625
5325,Rangers,41,33.4015,87.3885
5325,Rangers,42,30.6041,92.4403
5325,Rangers,43,28.883,98.0761
5325,Rangers,44,27.1471,103.7073
5325,Rangers,45,27.4615,109.079
5325,Rangers,46,31.106,113.7096
5325,Rangers,47,34.7504,118.3402
5325,Rangers,48,38.3949,122.9708
5325,Rangers,49,42.0394,127.6014
5325,Rangers,50,43.9128,132.6432
5325,Rangers,51,44.8087,135.62
5325,Rangers,52,46.8705,138.5142
5325,Rangers,53,49.4973,142.1216
5325,Rangers,54,52.6185,146.3496
5325,Rangers,55,56.1634,151.1057
5325,Rangers,56,60.0616,156.2973
5325,Rangers,57,64.2424,161.8318
5325,Rangers,58,68.6352,167.6167
5325,Rangers,59,73.1694,173.5594
5325,Rangers,60,77.7745,179.5673
5325,Rangers,61,82.3798,185.5478
5325,Rangers,62,86.9148,191.4085
5325,Rangers,63,91.3089,197.0567
5325,Rangers,64,95.4915,202.3998
5325,Rangers,65,99.3919,207.3454
5325,Rangers,66,102.9397,211.8007
5325,Rangers,67,106.0642,215.6734
5325,Rangers,68,108.6949,218.8707
5325,Rangers,69,111.2202,221.8005
5325,Rangers,70,116.3544,226.2157
5325,Rangers,71,121.6502,228.7398
5325,Rangers,72,126.9631,229.4732
5325,Rangers,73,132.1491,228.516
5325,Rangers,74,137.0638,225.9684
5325,Rangers,75,141.5631,221.9307
5325,Rangers,76,143.6422,219.3502
5325,Rangers,77,145.5577,216.7079
5325,Rangers,78,148.1646,213.0218
5325,Rangers,79,151.3675,208.4347
5325,Rangers,80,155.0705,203.0892
5325,Rangers,81,159.1781,197.1281
5325,Rangers,82,163.5946,190.6942
5325,Rangers,83,168.2242,183.9301
5325,Rangers,84,172.9713,176.9785
5325,Rangers,85,177.7403,169.9823
5325,Rangers,86,182.4354,163.084
5325,Rangers,87,186.961,156.4266
5325,Rangers,88,191.2214,150.1526
5325,Rangers,89,195.1209,144.4048
5325,Rangers,90,198.5639,139.3259
5325,Rangers,91,201.4547,135.0587
5325,Rangers,92,203.6975,131.7458
5325,Rangers,93,205.1969,129.5301
5325,Rangers,94,205.8569,128.5541
5325,Rangers,95,208.7112,124.9255
5325,Rangers,96,212.8395,120.7206
5325,Rangers,97,216.9678,116.5156
5325,Rangers,98,221.0961,112.3106
5325,Rangers,99,221.66,106.8
3,Red Sox,0,214.0,115.2
3,Red Sox,1,216.488,109.8459
3,Red Sox,2,218.9783,104.4928
3,Red Sox,3,221.4672,99.1391
3,Red Sox,4,223.832,93.7359
3,Red Sox,5,225.5443,88.1176
3,Red Sox,6,224.3619,82.3824
3,Red Sox,7,220.7917,77.7586
3,Red Sox,8,215.5662,75.0483
3,Red Sox,9,210.2733,72.4327
3,Red Sox,10,204.9796,69.8187
3,Red Sox,11,199.693,67.1905
3,Red Sox,12,194.4053,64.5647
3,Red Sox,13,189.1223,61.9289
3,Red Sox,14,183.8366,59.2989
3,Red Sox,15,178.5441,56.6824
3,Red Sox,16,173.2588,54.0513
3,Red Sox,17,167.9684,51.4311
3,Red Sox,18,163.3455,48.2299
3,Red Sox,19,161.5549,42.6041
3,Red Sox,20,159.6268,37.0345
3,Red Sox,21,155.8598,34.4611
3,Red Sox,22,150.1619,36.0076
3,Red Sox,23,144.4683,37.5693
3,Red Sox,24,138.7692,39.1108
3,Red Sox,25,133.0677,40.6437
3,Red Sox,26,127.3646,42.1707
3,Red Sox,27,121.6695,43.7272
3,Red Sox,28,115.9672,45.2568
3,Red Sox,29,110.2752,46.8242
3,Red Sox,30,104.8716,47.0755
3,Red Sox,31,100.2965,47.0078
3,Red Sox,32,96.1005,51.1595
3,Red Sox,33,91.9645,55.3725
3,Red Sox,34,87.7813,59.5387
3,Red Sox,35,83.6231,63.7295
3,Red Sox,36,79.4723,67.9277
3,Red Sox,37,75.3295,72.1337
3,Red Sox,38,71.1023,76.2532
3,Red Sox,39,66.9092,80.409
3,Red Sox,40,62.7555,84.6045
3,Red Sox,41,58.5855,88.7837
3,Red Sox,42,54.3977,92.9451
3,Red Sox,43,50.2268,97.1234
3,Red Sox,44,46.0476,101.2936
3,Red Sox,45,41.8614,105.4569
3,Red Sox,46,37.7027,109.6473
3,Red Sox,47,34.8234,113.8304
3,Red Sox,48,38.9756,118.0275
3,Red Sox,49,43.1278,122.2247
3,Red Sox,50,47.2801,126.4218
3,Red Sox,51,51.4323,130.6189
3,Red Sox,52,55.5845,134.8161
3,Red Sox,53,59.7367,139.0132
3,Red Sox,54,63.889,143.2104
3,Red Sox,55,66.8321,148.0074
3,Red Sox,56,67.6623,153.8527
3,Red Sox,57,68.4925,159.698
3,Red Sox,58,69.3226,165.5434
3,Red Sox,59,70.1528,171.3887
3,Red Sox,60,71.2457,177.1279
3,Red Sox,61,74.7062,181.9115
3,Red Sox,62,78.1666,186.695
3,Red Sox,63,81.6271,191.4786
3,Red Sox,64,85.0875,196.2621
3,Red Sox,65,88.5479,201.0457
3,Red Sox,66,92.0084,205.8292
3,Red Sox,67,95.4688,210.6128
3,Red Sox,68,98.9293,215.3963
3,Red Sox,69,102.3897,220.1799
3,Red Sox,70,106.4023,224.2592
3,Red Sox,71,111.8735,226.4779
3,Red Sox,72,117.3538,228.6477
3,Red Sox,73,123.2568,228.5374
3,Red Sox,74,129.1597,228.4272
3,Red Sox,75,135.0525,228.2634
3,Red Sox,76,140.5874,226.2086
3,Red Sox,77,146.1223,224.1537
3,Red Sox,78,150.7547,220.9076
3,Red Sox,79,154.2316,216.136
3,Red Sox,80,157.7086,211.3644
3,Red Sox,81,161.1855,206.5928
3,Red Sox,82,164.6624,201.8213
3,Red Sox,83,167.5482,196.7079
3,Red Sox,84,169.9485,191.3139
3,Red Sox,85,172.3489,185.9199
3,Red Sox,86,174.7493,180.5259
3,Red Sox,87,177.1497,175.1319
3,Red Sox,88,179.5501,169.7379
3,Red Sox,89,181.9504,164.3439
3,Red Sox,90,184.3508,158.9499
3,Red Sox,91,186.7512,153.5559
3,Red Sox,92,189.1516,148.1619
3,Red Sox,93,190.2877,146.0345
3,Red Sox,94,192.2052,143.6213
3,Red Sox,95,195.3684,139.6112
3,Red Sox,96,199.4533,134.3839
3,Red Sox,97,204.1361,128.3197
3,Red Sox,98,209.093,121.7983
3,Red Sox,99,214.0,115.2
2602,Reds,0,28.1,110.41
2602,Reds,1,32.12,114.4354
2602,Reds,2,36.14,118.4609
2602,Reds,3,40.16,122.4863
2602,Reds,4,44.18,126.5118
2602,Reds,5,48.2,130.5372
2602,Reds,6,52.22,134.5627
2602,Reds,7,56.24,138.5881
2602,Reds,8,60.26,142.6135
2602,Reds,9,64.28,146.639
2602,Reds,10,66.5088,151.7796
2602,Reds,11,68.3467,157.1635
2602,Reds,12,70.1847,162.5474
2602,Reds,13,72.0227,167.9313
2602,Reds,14,73.8607,173.3152
2602,Reds,15,75.5773,176.4961
2602,Reds,16,78.3226,180.484
2602,Reds,17,81.9814,185.7725
2602,Reds,18,86.2111,191.8259
2602,Reds,19,90.669,198.1079
2602,Reds,20,95.0125,204.0827
2602,Reds,21,98.899,209.2142
2602,Reds,22,101.9857,212.9665
2602,Reds,23,103.9302,214.8036
2602,Reds,24,105.064,216.0942
2602,Reds,25,108.761,219.0891
2602,Reds,26,115.4788,222.233
2602,Reds,27,123.8123,223.8381
2602,Reds,28,128.8913,223.8352
2602,Reds,29,134.333,222.6956
2602,Reds,30,139.944,220.367
2602,Reds,31,143.4201,217.7621
2602,Reds,32,147.4916,213.7933
2602,Reds,33,151.8661,208.9369
2602,Reds,34,156.2511,203.6693
2602,Reds,35,160.354,198.4667
2602,Reds,36,163.8825,193.8056
2602,Reds,37,166.5439,190.1623
2602,Reds,38,168.6459,186.8866
2602,Reds,39,171.5217,181.8929
2602,Reds,40,174.9272,175.6975
2602,Reds,41,178.5912,168.8556
2602,Reds,42,182.2429,161.9223
2602,Reds,43,185.6113,155.4526
2602,Reds,44,188.4254,150.0015
2602,Reds,45,190.4142,146.1243
2602,Reds,46,191.3067,144.3758
2602,Reds,47,192.2819,143.3767
2602,Reds,48,195.5808,140.0629
2602,Reds,49,200.454,135.1453
2602,Reds,50,206.0767,129.4323
2602,Reds,51,211.6244,123.7323
2602,Reds,52,216.2721,118.8537
2602,Reds,53,219.1952,115.6051
2602,Reds,54,220.9806,111.5803
2602,Reds,55,220.0626,106.2132
2602,Reds,56,216.8607,101.5108
2602,Reds,57,213.6384,96.8228
2602,Reds,58,210.253,92.2529
2602,Reds,59,206.743,87.7759
2602,Reds,60,203.1151,83.3941
2602,Reds,61,199.4297,79.0603
2602,Reds,62,195.4614,74.999
2602,Reds,63,191.2274,71.1994
2602,Reds,64,186.967,67.4301
2602,Reds,65,182.5531,63.8416
2602,Reds,66,178.1001,60.3013
2602,Reds,67,173.4615,57.0096
2602,Reds,68,168.7372,53.845
2602,Reds,69,163.9159,50.8259
2602,Reds,70,159.0488,47.8892
2602,Reds,71,153.9659,45.3347
2602,Reds,72,148.8629,42.8205
2602,Reds,73,143.7182,40.3923
2602,Reds,74,138.4015,38.3793
2602,Reds,75,133.0223,36.5294
2602,Reds,76,127.5801,34.8765
2602,Reds,77,122.1247,35.4459
2602,Reds,78,116.7124,37.1983
2602,Reds,79,111.2929,38.9286
2602,Reds,80,105.88,40.6779
2602,Reds,81,100.4641,42.419
2602,Reds,82,95.0495,44.1646
2602,Reds,83,89.6336,45.9049
2602,Reds,84,84.2146,47.6366
2602,Reds,85,79.7603,51.1024
2602,Reds,86,75.7704,55.1568
2602,Reds,87,71.7312,59.1628
2602,Reds,88,67.7467,63.2233
2602,Reds,89,63.724,67.246
2602,Reds,90,59.6762,71.2431
2602,Reds,91,55.6535,75.2649
2602,Reds,92,51.6355,79.2923
2602,Reds,93,47.5741,83.2759
2602,Reds,94,43.5665,87.3135
2602,Reds,95,39.5358,91.328
2602,Reds,96,35.5146,95.352
2602,Reds,97,31.8899,99.6829
2602,Reds,98,30.0386,105.0622
2602,Reds,99,28.1,110.41
19,Rockies,0,228.0,100.67
19,Rockies,1,225.6216,95.6742
19,Rockies,2,221.0347,91.8544
19,Rockies,3,216.4505,88.0314
19,Rockies,4,211.8461,84.2328
19,Rockies,5,207.2541,80.4192
19,Rockies,6,202.675,76.5902
19,Rockies,7,198.1225,72.7296
19,Rockies,8,193.5548,68.8869
19,Rockies,9,188.974,65.06
19,Rockies,10,184.3895,61.2373
19,Rockies,11,179.8114,57.4071
19,Rockies,12,175.2277,53.5836
19,Rockies,13,170.6562,49.7455
19,Rockies,14,166.0854,45.9067
19,Rockies,15,161.499,42.0863
19,Rockies,16,156.91,38.2691
19,Rockies,17,152.3258,34.4462
19,Rockies,18,147.448,31.0946
19,Rockies,19,141.5993,31.0261
19,Rockies,20,135.6535,31.5532
19,Rockies,21,129.7076,32.0785
19,Rockies,22,123.7608,32.5939
19,Rockies,23,117.8137,33.1059
19,Rockies,24,111.8657,33.607
19,Rockies,25,105.918,34.1115
19,Rockies,26,99.9712,34.6269
19,Rockies,27,94.0244,35.1423
19,Rockies,28,88.078,35.6618
19,Rockies,29,82.132,36.1869
19,Rockies,30,76.9768,38.7385
19,Rockies,31,73.1231,43.2965
19,Rockies,32,69.3031,47.8832
19,Rockies,33,65.5016,52.4852
19,Rockies,34,61.6975,57.085
19,Rockies,35,57.8497,61.6483
19,Rockies,36,54.0241,66.2303
19,Rockies,37,50.2371,70.8439
19,Rockies,38,46.4071,75.4221
19,Rockies,39,42.5793,80.0023
19,Rockies,40,38.7375,84.5706
19,Rockies,41,34.9007,89.1432
19,Rockies,42,31.1008,93.7466
19,Rockies,43,27.311,98.3581
19,Rockies,44,23.5412,102.981
19,Rockies,45,23.362,107.6299
19,Rockies,46,27.6704,111.7612
19,Rockies,47,31.9789,115.8924
19,Rockies,48,36.2873,120.0237
19,Rockies,49,40.5958,124.1549
19,Rockies,50,43.8825,129.0091
19,Rockies,51,46.3447,134.4467
19,Rockies,52,48.8069,139.8843
19,Rockies,53,51.269,145.322
19,Rockies,54,53.7312,150.7596
19,Rockies,55,56.1933,156.1972
19,Rockies,56,59.2668,161.2414
19,Rockies,57,63.1966,165.7343
19,Rockies,58,67.1264,170.2273
19,Rockies,59,71.0562,174.7202
19,Rockies,60,74.986,179.2132
19,Rockies,61,78.9158,183.7062
19,Rockies,62,82.8456,188.1991
19,Rockies,63,86.7754,192.6921
19,Rockies,64,90.7052,197.185
19,Rockies,65,94.635,201.678
19,Rockies,66,98.5647,206.1709
19,Rockies,67,102.4945,210.6639
19,Rockies,68,106.1584,214.6337
19,Rockies,69,109.4268,217.6741
19,Rockies,70,113.9481,220.6929
19,Rockies,71,120.7115,222.6655
19,Rockies,72,129.8758,222.3831
19,Rockies,73,137.1224,219.1407
19,Rockies,74,141.6743,215.0909
19,Rockies,75,143.5244,212.6735
19,Rockies,76,146.7561,208.9112
19,Rockies,77,150.6579,204.3938
19,Rockies,78,154.5596,199.8765
19,Rockies,79,158.4614,195.3592
19,Rockies,80,162.3631,190.8418
19,Rockies,81,166.2649,186.3245
19,Rockies,82,170.1666,181.8071
19,Rockies,83,174.0684,177.2898
19,Rockies,84,177.9701,172.7725
19,Rockies,85,181.8719,168.2551
19,Rockies,86,185.7736,163.7378
19,Rockies,87,189.6753,159.2204
19,Rockies,88,193.1557,154.3925
19,Rockies,89,196.3158,149.3285
19,Rockies,90,199.4759,144.2646
19,Rockies,91,202.636,139.2006
19,Rockies,92,205.7961,134.1366
19,Rockies,93,208.9562,129.0727
19,Rockies,94,209.7209,123.4504
19,Rockies,95,213.7204,119.0195
19,Rockies,96,217.72,114.5885
19,Rockies,97,221.7196,110.1575
19,Rockies,98,225.7191,105.7266
19,Rockies,99,228.03,100.67
7,Royals,0,222.46,106.21
7,Royals,1,223.8937,100.3673
7,Royals,2,223.5477,94.3226
7,Royals,3,221.5376,88.6154
7,Royals,4,218.2348,83.5748
7,Royals,5,213.9562,79.2903
7,Royals,6,209.6913,74.9921
7,Royals,7,205.4152,70.7052
7,Royals,8,201.1336,66.4236
7,Royals,9,196.8042,62.1912
7,Royals,10,192.1926,58.2673
7,Royals,11,187.5118,54.4269
7,Royals,12,182.5879,50.9127
7,Royals,13,177.5121,47.6112
7,Royals,14,172.3333,44.4754
7,Royals,15,166.9476,41.7176
7,Royals,16,161.4006,39.2953
7,Royals,17,155.666,37.3625
7,Royals,18,149.8467,35.6916
7,Royals,19,143.9346,34.3912
7,Royals,20,137.9711,33.3435
7,Royals,21,131.9515,32.7151
7,Royals,22,125.9037,32.48
7,Royals,23,119.855,32.7282
7,Royals,24,113.8166,33.1226
7,Royals,25,107.825,33.9908
7,Royals,26,101.8821,35.1488
7,Royals,27,96.0332,36.7064
7,Royals,28,90.309,38.671
7,Royals,29,84.6694,40.8747
7,Royals,30,79.1979,43.4656
7,Royals,31,73.9225,46.432
7,Royals,32,68.9139,49.8248
7,Royals,33,64.1349,53.5431
7,Royals,34,59.4449,57.3729
7,Royals,35,54.7665,61.2159
7,Royals,36,50.238,65.2354
7,Royals,37,45.7703,69.3197
7,Royals,38,41.4887,73.6013
7,Royals,39,37.2378,77.9131
7,Royals,40,32.9663,82.2041
7,Royals,41,29.3513,87.0344
7,Royals,42,27.0321,92.6029
7,Royals,43,26.2068,98.5787
7,Royals,44,27.0025,104.56
7,Royals,45,29.1284,110.2047
7,Royals,46,31.5679,115.7467
7,Royals,47,34.2502,121.1655
7,Royals,48,37.2776,126.4095
7,Royals,49,40.305,131.6534
7,Royals,50,43.3324,136.8974
7,Royals,51,46.3597,142.1413
7,Royals,52,49.3871,147.3852
7,Royals,53,52.4145,152.6292
7,Royals,54,55.4419,157.8731
7,Royals,55,58.5051,163.0962
7,Royals,56,61.574,168.316
7,Royals,57,64.6428,173.5358
7,Royals,58,67.7116,178.7557
7,Royals,59,70.7804,183.9755
7,Royals,60,73.8492,189.1953
7,Royals,61,76.918,194.4151
7,Royals,62,82.1628,195.9457
7,Royals,63,86.0453,200.5923
7,Royals,64,89.9278,205.2388
7,Royals,65,93.8102,209.8854
7,Royals,66,97.6927,214.5319
7,Royals,67,98.2504,218.8237
7,Royals,68,100.0635,220.4497
7,Royals,69,104.0845,223.2956
7,Royals,70,110.2256,226.3835
7,Royals,71,118.3991,228.7355
7,Royals,72,126.3787,229.3703
7,Royals,73,130.4558,227.7347
7,Royals,74,138.0145,224.7024
7,Royals,75,146.2222,221.4098
7,Royals,76,152.2461,218.9932
7,Royals,77,153.5731,216.4254
7,Royals,78,155.8607,211.2626
7,Royals,79,159.8343,206.6937
7,Royals,80,163.8079,202.1248
7,Royals,81,167.7815,197.5559
7,Royals,82,171.6793,195.6299
7,Royals,83,174.4472,194.195
7,Royals,84,176.7229,190.7097
7,Royals,85,180.2407,185.2793
7,Royals,86,184.5254,178.5932
7,Royals,87,189.1019,171.3407
7,Royals,88,193.4949,164.211
7,Royals,89,197.2294,157.8936
7,Royals,90,199.8301,153.0776
7,Royals,91,200.8092,150.7261
7,Royals,92,201.9598,148.8269
7,Royals,93,204.3972,144.7067
7,Royals,94,207.7062,138.9302
7,Royals,95,211.4714,132.0619
7,Royals,96,215.2777,124.6663
7,Royals,97,218.4498,117.6369
7,Royals,98,220.4549,111.9235
7,Royals,99,222.46,106.21
2394,Tigers,0,173.59,186.29
2394,Tigers,1,178.4758,184.1359
2394,Tigers,2,181.8789,179.1687
2394,Tigers,3,185.282,174.2014
2394,Tigers,4,188.6851,169.2342
2394,Tigers,5,192.0882,164.267
2394,Tigers,6,195.4913,159.2998
2394,Tigers,7,198.8944,154.3325
2394,Tigers,8,202.2975,149.3653
2394,Tigers,9,203.87,143.8312
2394,Tigers,10,203.87,137.81
2394,Tigers,11,204.4036,132.0072
2394,Tigers,12,208.6248,127.7136
2394,Tigers,13,212.8461,123.4199
2394,Tigers,14,217.0673,119.1263
2394,Tigers,15,221.2886,114.8326
2394,Tigers,16,222.5767,109.118
2394,Tigers,17,223.1625,103.1286
2394,Tigers,18,220.0145,98.3335
2394,Tigers,19,215.773,94.06
2394,Tigers,20,211.4977,89.8205
2394,Tigers,21,207.2303,85.5727
2394,Tigers,22,202.983,81.3051
2394,Tigers,23,198.7361,77.0369
2394,Tigers,24,194.4857,72.7721
2394,Tigers,25,190.2398,68.5029
2394,Tigers,26,185.9837,64.2437
2394,Tigers,27,183.6992,58.807
2394,Tigers,28,181.8873,53.1104
2394,Tigers,29,178.0528,48.5396
2394,Tigers,30,173.7986,44.2786
2394,Tigers,31,169.5509,40.011
2394,Tigers,32,165.2897,35.7571
2394,Tigers,33,161.0237,31.5079
2394,Tigers,34,156.7173,27.3264
2394,Tigers,35,150.789,26.7166
2394,Tigers,36,144.7709,26.9087
2394,Tigers,37,138.7521,27.0757
2394,Tigers,38,132.7337,27.2558
2394,Tigers,39,126.7159,27.4448
2394,Tigers,40,120.6976,27.6272
2394,Tigers,41,114.6794,27.8158
2394,Tigers,42,108.6617,28.0146
2394,Tigers,43,102.6435,28.1931
2394,Tigers,44,97.1419,29.7996
2394,Tigers,45,92.8443,34.0167
2394,Tigers,46,88.5872,38.2748
2394,Tigers,47,84.3011,42.5034
2394,Tigers,48,80.0592,46.7766
2394,Tigers,49,75.772,51.0042
2394,Tigers,50,71.5014,55.2486
2394,Tigers,51,67.2289,59.4911
2394,Tigers,52,62.9713,63.7487
2394,Tigers,53,58.7137,68.0063
2394,Tigers,54,54.3909,72.1972
2394,Tigers,55,50.1393,76.4607
2394,Tigers,56,45.848,80.6837
2394,Tigers,57,41.5635,84.9142
2394,Tigers,58,37.3021,89.1679
2394,Tigers,59,33.0274,93.4083
2394,Tigers,60,28.7226,97.6177
2394,Tigers,61,24.6859,101.992
2394,Tigers,62,24.7455,107.465
2394,Tigers,63,29.0041,111.7215
2394,Tigers,64,33.2628,115.9781
2394,Tigers,65,37.5214,120.2346
2394,Tigers,66,41.7801,124.4912
2394,Tigers,67,43.9655,129.5923
2394,Tigers,68,45.5174,135.1682
2394,Tigers,69,48.6477,140.3116
2394,Tigers,70,51.7781,145.4551
2394,Tigers,71,54.9084,150.5986
2394,Tigers,72,58.0388,155.742
2394,Tigers,73,61.1691,160.8855
2394,Tigers,74,64.2995,166.029
2394,Tigers,75,67.4298,171.1724
2394,Tigers,76,70.5602,176.3159
2394,Tigers,77,73.6906,181.4594
2394,Tigers,78,75.0191,183.1365
2394,Tigers,79,77.8614,186.0692
2394,Tigers,80,82.2101,190.548
2394,Tigers,81,87.5263,196.0095
2394,Tigers,82,93.2709,201.8902
2394,Tigers,83,98.9049,207.6269
2394,Tigers,84,103.8894,212.6561
2394,Tigers,85,107.6854,216.4144
2394,Tigers,86,110.8251,219.1735
2394,Tigers,87,114.8705,221.741
2394,Tigers,88,119.6839,223.6607
2394,Tigers,89,125.1364,224.5101
2394,Tigers,90,131.0989,223.8669
2394,Tigers,91,137.4423,221.3085
2394,Tigers,92,144.0377,216.4127
2394,Tigers,93,150.7352,209.65
2394,Tigers,94,156.9842,203.2354
2394,Tigers,95,162.5432,197.4943
2394,Tigers,96,167.2133,192.6464
2394,Tigers,97,170.7955,188.9116
2394,Tigers,98,173.0907,186.5095
2394,Tigers,99,173.9,185.66
3312,Twins,0,220.74,107.7
3312,Twins,1,216.9522,103.3241
3312,Twins,2,213.1653,98.9475
3312,Twins,3,208.6395,95.4445
3312,Twins,4,204.5411,91.3582
3312,Twins,5,200.4621,87.2521
3312,Twins,6,196.355,83.1745
3312,Twins,7,192.2403,79.1046
3312,Twins,8,189.68,74.3792
3312,Twins,9,188.2432,69.1324
3312,Twins,10,184.085,65.1891
3312,Twins,11,179.2714,61.9762
3312,Twins,12,174.4011,58.8509
3312,Twins,13,169.5834,55.6438
3312,Twins,14,164.7532,52.4555
3312,Twins,15,159.9199,49.2718
3312,Twins,16,155.078,46.1011
3312,Twins,17,150.2324,42.9361
3312,Twins,18,145.4082,39.7385
3312,Twins,19,140.1361,37.7619
3312,Twins,20,134.3642,37.3354
3312,Twins,21,128.591,36.9249
3312,Twins,22,122.8211,36.4728
3312,Twins,23,117.0479,36.0636
3312,Twins,24,111.2773,35.6202
3312,Twins,25,105.5852,35.892
3312,Twins,26,100.5105,38.6217
3312,Twins,27,95.5333,41.5754
3312,Twins,28,90.5827,44.5735
3312,Twins,29,85.6097,47.5342
3312,Twins,30,80.6559,50.5269
3312,Twins,31,75.7093,53.5313
3312,Twins,32,70.7466,56.5091
3312,Twins,33,65.8749,59.6126
3312,Twins,34,61.8502,63.7536
3312,Twins,35,58.0431,68.1129
3312,Twins,36,54.2451,72.48
3312,Twins,37,50.4004,76.8056
3312,Twins,38,46.5769,81.1504
3312,Twins,39,42.7725,85.5118
3312,Twins,40,38.9955,89.8968
3312,Twins,41,35.1771,94.2455
3312,Twins,42,31.3782,98.6111
3312,Twins,43,27.5696,102.9685
3312,Twins,44,23.7696,107.3336
3312,Twins,45,27.0947,111.5112
3312,Twins,46,31.1226,115.6673
3312,Twins,47,35.1506,119.8234
3312,Twins,48,38.8988,124.1671
3312,Twins,49,41.2157,129.4708
3312,Twins,50,43.5327,134.7745
3312,Twins,51,45.8496,140.0782
3312,Twins,52,48.1666,145.3819
3312,Twins,53,50.4835,150.6856
3312,Twins,54,52.8004,155.9893
3312,Twins,55,55.1174,161.293
3312,Twins,56,58.6303,165.7865
3312,Twins,57,62.6961,169.9055
3312,Twins,58,66.762,174.0245
3312,Twins,59,70.8279,178.1434
3312,Twins,60,74.8938,182.2624
3312,Twins,61,78.9597,186.3814
3312,Twins,62,83.0256,190.5004
3312,Twins,63,87.0915,194.6193
3312,Twins,64,91.1574,198.7383
3312,Twins,65,95.2233,202.8573
3312,Twins,66,99.2892,206.9762
3312,Twins,67,103.3551,211.0952
3312,Twins,68,107.1831,214.9736
3312,Twins,69,108.1481,215.962
3312,Twins,70,110.7084,218.1343
3312,Twins,71,114.6794,220.663
3312,Twins,72,119.8766,222.7208
3312,Twins,73,126.1155,223.4803
3312,Twins,74,133.2117,222.114
3312,Twins,75,140.9804,217.7946
3312,Twins,76,146.37,212.9472
3312,Twins,77,148.6182,210.6656
3312,Twins,78,152.8386,206.3825
3312,Twins,79,158.3217,200.818
3312,Twins,80,164.3578,194.6923
3312,Twins,81,170.2374,188.7254
3312,Twins,82,175.2509,183.6374
3312,Twins,83,178.6887,180.1485
3312,Twins,84,180.0705,178.5873
3312,Twins,85,182.9592,173.5721
3312,Twins,86,185.848,168.5568
3312,Twins,87,188.7368,163.5416
3312,Twins,88,191.4727,158.4566
3312,Twins,89,193.3705,152.9889
3312,Twins,90,195.2682,147.5212
3312,Twins,91,197.166,142.0535
3312,Twins,92,199.0637,136.5857
3312,Twins,93,202.6807,132.2109
3312,Twins,94,206.8262,128.172
3312,Twins,95,210.9717,124.1332
3312,Twins,96,215.1172,120.0943
3312,Twins,97,219.2626,116.0555
3312,Twins,98,223.4081,112.0166
3312,Twins,99,220.74,107.7
4,White Sox,0,224.15,104.46
4,White Sox,1,220.2804,100.1728
4,White Sox,2,216.4334,95.8652
4,White Sox,3,212.5404,91.5993
4,White Sox,4,208.7179,87.2703
4,White Sox,5,204.8552,82.9771
4,White Sox,6,201.0443,78.6376
4,White Sox,7,197.1815,74.3442
4,White Sox,8,193.2587,70.1056
4,White Sox,9,189.3972,65.8111
4,White Sox,10,185.5213,61.5295
4,White Sox,11,181.3158,57.5944
4,White Sox,12,176.8244,53.9638
4,White Sox,13,172.0442,50.7265
4,White Sox,14,167.1235,47.7046
4,White Sox,15,161.8126,45.439
4,White Sox,16,156.4618,43.2661
4,White Sox,17,151.0884,41.1495
4,White Sox,18,145.9456,38.539
4,White Sox,19,140.7138,36.3218
4,White Sox,20,134.9493,36.18
4,White Sox,21,129.1739,36.18
4,White Sox,22,123.3985,36.18
4,White Sox,23,117.6231,36.18
4,White Sox,24,111.8477,36.18
4,White Sox,25,106.3297,37.4502
4,White Sox,26,101.3789,40.4241
4,White Sox,27,96.2547,43.071
4,White Sox,28,90.9101,45.2583
4,White Sox,29,85.6176,47.5615
4,White Sox,30,80.6631,50.5244
4,White Sox,31,75.849,53.7127
4,White Sox,32,71.2631,57.2206
4,White Sox,33,67.0622,61.179
4,White Sox,34,62.9481,65.2319
4,White Sox,35,58.81,69.2603
4,White Sox,36,54.6792,73.2963
4,White Sox,37,50.5441,77.3281
4,White Sox,38,46.4216,81.3728
4,White Sox,39,42.6449,85.7162
4,White Sox,40,39.2187,90.3655
4,White Sox,41,35.7648,94.9942
4,White Sox,42,32.3248,99.6332
4,White Sox,43,28.9209,104.2988
4,White Sox,44,25.4144,108.8867
4,White Sox,45,28.2885,112.8487
4,White Sox,46,32.6098,116.6803
4,White Sox,47,36.5134,120.8969
4,White Sox,48,39.9795,125.5166
4,White Sox,49,43.4456,130.1362
4,White Sox,50,46.9117,134.7559
4,White Sox,51,50.3778,139.3755
4,White Sox,52,53.8439,143.9952
4,White Sox,53,57.3101,148.6148
4,White Sox,54,60.7762,153.2345
4,White Sox,55,64.2423,157.8541
4,White Sox,56,67.7084,162.4737
4,White Sox,57,71.1745,167.0934
4,White Sox,58,74.6033,171.7407
4,White Sox,59,78.0099,176.4044
4,White Sox,60,81.4164,181.0682
4,White Sox,61,84.8229,185.7319
4,White Sox,62,88.2295,190.3957
4,White Sox,63,91.636,195.0595
4,White Sox,64,95.0425,199.7232
4,White Sox,65,98.4491,204.387
4,White Sox,66,101.8556,209.0507
4,White Sox,67,104.5518,212.7301
4,White Sox,68,106.6247,214.9893
4,White Sox,69,111.0723,218.8831
4,White Sox,70,117.332,222.6204
4,White Sox,71,124.8413,224.4103
4,White Sox,72,128.1145,223.1579
4,White Sox,73,134.5645,219.7133
4,White Sox,74,142.0252,215.729
4,White Sox,75,147.3543,212.883
4,White Sox,76,149.8469,210.2009
4,White Sox,77,153.2442,205.5303
4,White Sox,78,156.6414,200.8598
4,White Sox,79,160.0387,196.1893
4,White Sox,80,163.436,191.5188
4,White Sox,81,166.8332,186.8483
4,White Sox,82,170.2305,182.1778
4,White Sox,83,172.8856,177.1035
4,White Sox,84,174.9613,171.714
4,White Sox,85,177.2134,166.4261
4,White Sox,86,180.833,161.9257
4,White Sox,87,184.4526,157.4253
4,White Sox,88,188.0723,152.925
4,White Sox,89,191.6919,148.4246
4,White Sox,90,195.3116,143.9242
4,White Sox,91,198.9312,139.4239
4,White Sox,92,202.5509,134.9235
4,White Sox,93,206.1705,130.4231
4,White Sox,94,209.7901,125.9228
4,White Sox,95,213.4098,121.4224
4,White Sox,96,217.0847,116.9703
4,White Sox,97,221.0555,112.7765
4,White Sox,98,225.0263,108.5827
4,White Sox,99,224.15,104.46
3313,Yankees,0,220.15,112.3
3313,Yankees,1,219.4223,106.4906
3313,Yankees,2,217.2431,101.0705
3313,Yankees,3,213.9764,96.1461
3313,Yankees,4,209.9974,91.7963
3313,Yankees,5,205.8569,87.6135
3313,Yankees,6,201.7108,83.4357
3313,Yankees,7,197.5592,79.2629
3313,Yankees,8,193.4021,75.0951
3313,Yankees,9,189.2394,70.9322
3313,Yankees,10,185.1099,66.801
3313,Yankees,11,181.1129,62.6468
3313,Yankees,12,177.0759,58.3584
3313,Yankees,13,172.9665,54.0339
3313,Yankees,14,168.7522,49.7711
3313,Yankees,15,164.4006,45.6681
3313,Yankees,16,159.8792,41.8227
3313,Yankees,17,155.1557,38.3329
3313,Yankees,18,150.1976,35.2966
3313,Yankees,19,144.9584,32.8161
3313,Yankees,20,139.3957,30.8963
3313,Yankees,21,133.6911,29.4519
3313,Yankees,22,127.8851,28.4932
3313,Yankees,23,122.0189,28.0269
3313,Yankees,24,116.1344,28.0564
3313,Yankees,25,110.2654,28.4986
3313,Yankees,26,104.4488,29.3907
3313,Yankees,27,98.7293,30.7746
3313,Yankees,28,93.1483,32.6404
3313,Yankees,29,87.7464,34.9745
3313,Yankees,30,82.5711,37.7855
3313,Yankees,31,77.6828,41.0577
3313,Yankees,32,73.0391,44.6505
3313,Yankees,33,68.5934,48.4975
3313,Yankees,34,64.2991,52.5321
3313,Yankees,35,60.1095,56.6879
3313,Yankees,36,55.9781,60.8985
3313,Yankees,37,51.8581,65.0973
3313,Yankees,38,47.7065,69.2109
3313,Yankees,39,43.5162,73.3695
3313,Yankees,40,39.5212,77.7376
3313,Yankees,41,35.9981,82.4416
3313,Yankees,42,33.2196,87.6041
3313,Yankees,43,31.1738,93.1199
3313,Yankees,44,29.7908,98.838
3313,Yankees,45,29.0898,104.6791
3313,Yankees,46,29.4018,108.5225
3313,Yankees,47,32.0918,114.4724
3313,Yankees,48,36.6768,119.9873
3313,Yankees,49,40.9785,124.0054
3313,Yankees,50,45.2802,128.0234
3313,Yankees,51,49.3781,132.187
3313,Yankees,52,51.7814,137.5604
3313,Yankees,53,54.1848,142.9338
3313,Yankees,54,56.5882,148.3072
3313,Yankees,55,58.9915,153.6806
3313,Yankees,56,61.3949,159.054
3313,Yankees,57,63.7982,164.4274
3313,Yankees,58,66.2016,169.8008
3313,Yankees,59,68.7674,175.076
3313,Yankees,60,72.4099,179.7
3313,Yankees,61,76.0525,184.324
3313,Yankees,62,79.6951,188.9479
3313,Yankees,63,83.3376,193.5719
3313,Yankees,64,86.9802,198.1959
3313,Yankees,65,90.6228,202.8199
3313,Yankees,66,94.2653,207.4439
3313,Yankees,67,97.9079,212.0679
3313,Yankees,68,101.5504,216.6919
3313,Yankees,69,103.3537,218.9142
3313,Yankees,70,106.2979,221.7694
3313,Yankees,71,111.4749,225.4988
3313,Yankees,72,118.6042,228.5968
3313,Yankees,73,127.3691,229.5523
3313,Yankees,74,135.4526,227.4061
3313,Yankees,75,141.4639,223.5419
3313,Yankees,76,145.2029,219.855
3313,Yankees,77,146.5183,218.1772
3313,Yankees,78,150.1092,213.5129
3313,Yankees,79,153.7,208.8487
3313,Yankees,80,157.2908,204.1844
3313,Yankees,81,160.8817,199.5201
3313,Yankees,82,164.4725,194.8558
3313,Yankees,83,168.0633,190.1916
3313,Yankees,84,171.6542,185.5273
3313,Yankees,85,175.245,180.863
3313,Yankees,86,178.8358,176.1987
3313,Yankees,87,182.406,171.521
3313,Yankees,88,185.2281,166.3552
3313,Yankees,89,188.0503,161.1895
3313,Yankees,90,190.8725,156.0237
3313,Yankees,91,193.6946,150.858
3313,Yankees,92,196.5168,145.6922
3313,Yankees,93,199.339,140.5265
3313,Yankees,94,202.1611,135.3608
3313,Yankees,95,204.9833,130.195
3313,Yankees,96,208.3508,125.4089
3313,Yankees,97,212.2159,120.9693
3313,Yankees,98,216.0811,116.5297
3313,Yankees,99,220.17,112.3
5355,Athletics,0,29.0608,102.6608
5355,Athletics,1,30.8805,99.3961
5355,Athletics,2,32.8055,96.1612
5355,Athletics,3,34.8357,92.9594
5355,Athletics,4,36.9704,89.7939
5355,Athletics,5,39.2093,86.668
5355,Athletics,6,41.5516,83.5851
5355,Athletics,7,43.9967,80.5484
5355,Athletics,8,46.5438,77.5612
5355,Athletics,9,49.1918,74.6268
5355,Athletics,10,51.9397,71.7484
5355,Athletics,11,54.7865,68.9292
5355,Athletics,12,57.7308,66.1725
5355,Athletics,13,60.7714,63.4815
5355,Athletics,14,63.9069,60.8592
5355,Athletics,15,67.1355,58.3089
5355,Athletics,16,70.5038,55.9583
5355,Athletics,17,73.9553,53.6882
5355,Athletics,18,77.4883,51.5014
5355,Athletics,19,81.1007,49.4006
5355,Athletics,20,84.7904,47.3884
5355,Athletics,21,88.5553,45.4674
5355,Athletics,22,92.393,43.6402
5355,Athletics,23,96.3013,41.9094
5355,Athletics,24,100.2776,40.2773
5355,Athletics,25,104.3196,38.7463
5355,Athletics,26,108.4245,37.3188
5355,Athletics,27,112.5898,35.997
5355,Athletics,28,116.8127,34.7831
5355,Athletics,29,121.0904,33.6792
5355,Athletics,30,125.42,32.6873
5355,Athletics,31,129.7496,33.6792
5355,Athletics,32,134.0273,34.7831
5355,Athletics,33,138.2502,35.997
5355,Athletics,34,142.4155,37.3188
5355,Athletics,35,146.5204,38.7463
5355,Athletics,36,150.5624,40.2773
5355,Athletics,37,154.5387,41.9094
5355,Athletics,38,158.447,43.6402
5355,Athletics,39,162.2847,45.4674
5355,Athletics,40,166.0496,47.3884
5355,Athletics,41,169.7393,49.4006
5355,Athletics,42,173.3517,51.5014
5355,Athletics,43,176.8847,53.6882
5355,Athletics,44,180.3362,55.9583
5355,Athletics,45,183.7045,58.3089
5355,Athletics,46,186.9331,60.8592
5355,Athletics,47,190.0686,63.4815
5355,Athletics,48,193.1092,66.1725
5355,Athletics,49,196.0535,68.9292
5355,Athletics,50,198.9003,71.7484
5355,Athletics,51,201.6482,74.6268
5355,Athletics,52,204.2962,77.5612
5355,Athletics,53,206.8433,80.5484
5355,Athletics,54,209.2884,83.5851
5355,Athletics,55,211.6307,86.668
5355,Athletics,56,213.8696,89.7939
5355,Athletics,57,216.0043,92.9594
5355,Athletics,58,218.0345,96.1612
5355,Athletics,59,219.9595,99.3961
5355,Athletics,60,221.7792,102.6608
5355,Athletics,61,240.0,210.02
5355,Athletics,62,10.0,210.02
5340,MexicoCity,0,33.3119,106.9119
5340,MexicoCity,1,34.9269,103.6602
5340,MexicoCity,2,36.6496,100.4304
5340,MexicoCity,3,38.4799,97.2262
5340,MexicoCity,4,40.4176,94.0508
5340,MexicoCity,5,42.4625,90.9077
5340,MexicoCity,6,44.6143,87.8004
5340,MexicoCity,7,46.8723,84.7324
5340,MexicoCity,8,49.236,81.707
5340,MexicoCity,9,51.7048,78.7277
5340,MexicoCity,10,54.2777,75.7979
5340,MexicoCity,11,56.9539,72.9212
5340,MexicoCity,12,59.7324,70.1008
5340,MexicoCity,13,62.612,67.3402
5340,MexicoCity,14,65.5914,64.6428
5340,MexicoCity,15,68.6694,62.0118
5340,MexicoCity,16,71.988,59.8248
5340,MexicoCity,17,75.3824,57.7182
5340,MexicoCity,18,78.8507,55.6944
5340,MexicoCity,19,82.3908,53.7559
5340,MexicoCity,20,86.0007,51.905
5340,MexicoCity,21,89.6781,50.1441
5340,MexicoCity,22,93.4208,48.4754
5340,MexicoCity,23,97.2264,46.9012
5340,MexicoCity,24,101.0927,45.4236
5340,MexicoCity,25,105.0171,44.0447
5340,MexicoCity,26,108.9971,42.7665
5340,MexicoCity,27,113.0301,41.591
5340,MexicoCity,28,117.1134,40.5201
5340,MexicoCity,29,121.2443,39.5556
5340,MexicoCity,30,125.42,38.6994
5340,MexicoCity,31,129.5957,39.5556
5340,MexicoCity,32,133.7266,40.5201
5340,MexicoCity,33,137.8099,41.591
5340,MexicoCity,34,141.8429,42.7665
5340,MexicoCity,35,145.8229,44.0447
5340,MexicoCity,36,149.7473,45.4236
5340,MexicoCity,37,153.6136,46.9012
5340,MexicoCity,38,157.4192,48.4754
5340,MexicoCity,39,161.1619,50.1441
5340,MexicoCity,40,164.8393,51.905
5340,MexicoCity,41,168.4492,53.7559
5340,MexicoCity,42,171.9893,55.6944
5340,MexicoCity,43,175.4576,57.7182
5340,MexicoCity,44,178.852,59.8248
5340,MexicoCity,45,182.1706,62.0118
5340,MexicoCity,46,185.2486,64.6428
5340,MexicoCity,47,188.228,67.3402
5340,MexicoCity,48,191.1076,70.1008
5340,MexicoCity,49,193.8861,72.9212
5340,MexicoCity,50,196.5623,75.7979
5340,MexicoCity,51,199.1352,78.7277
5340,MexicoCity,52,201.604,81.707
5340,MexicoCity,53,203.9677,84.7324
5340,MexicoCity,54,206.2257,87.8004
5340,MexicoCity,55,208.3775,90.9077
5340,MexicoCity,56,210.4224,94.0508
5340,MexicoCity,57,212.3601,97.2262
5340,MexicoCity,58,214.1904,100.4304
5340,MexicoCity,59,215.9131,103.6602
5340,MexicoCity,60,217.5281,106.9119
5340,MexicoCity,61,240.0,210.02
5340,MexicoCity,62,10.0,210.02
12,Rays,0,36.146,109.746
12,Rays,1,43.6794,94.0196
12,Rays,2,53.5903,78.5246
12,Rays,3,57.2163,75.9773
12,Rays,4,60.7484,73.1827
12,Rays,5,64.2172,70.1273
12,Rays,6,67.8147,67.1666
12,Rays,7,71.3031,64.4001
12,Rays,8,74.6286,60.9731
12,Rays,9,77.9916,58.0893
12,Rays,10,81.242,54.5202
12,Rays,11,84.6553,51.0246
12,Rays,12,87.9656,47.6738
12,Rays,13,91.0673,44.0648
12,Rays,14,94.3233,40.5186
12,Rays,15,97.7324,37.0407
12,Rays,16,101.351,34.0329
12,Rays,17,104.9049,31.9381
12,Rays,18,109.4009,32.6552
12,Rays,19,113.8172,33.0925
12,Rays,20,118.4715,33.2337
12,Rays,21,122.82,33.5094
12,Rays,22,127.1492,33.8988
12,Rays,23,131.759,34.0115
12,Rays,24,136.3904,33.8529
12,Rays,25,140.7472,33.7975
12,Rays,26,145.067,34.2554
12,Rays,27,149.0261,37.2058
12,Rays,28,152.2233,40.5493
12,Rays,29,155.5518,44.0055
12,Rays,30,158.9052,47.9778
12,Rays,31,161.9116,51.5645
12,Rays,32,165.3719,54.9582
12,Rays,33,168.6716,58.4284
12,Rays,34,171.9378,61.5891
12,Rays,35,175.2958,64.9079
12,Rays,36,178.6493,67.932
12,Rays,37,182.0911,71.1344
12,Rays,38,185.5587,74.061
12,Rays,39,188.8989,77.0782
12,Rays,40,192.5135,79.9483
12,Rays,41,196.0129,82.4573
12,Rays,42,199.8387,84.8619
12,Rays,43,200.7532,89.8183
12,Rays,44,216.6779,107.7621
12,Rays,45,240.0,210.02
12,Rays,46,10.0,210.02
