x,y,z
9.729,-88.2,
11.987,-88.2,
14.245,-88.2,0.0
16.503,-88.2,
18.761,-88.2,
21.019,-88.2,
23.277,-88.2,
25.535,-88.2,0.0
27.793,-88.2,
30.051,-88.2,
32.309,-88.2,
34.567,-88.2,
36.825,-88.2,
39.083,-88.2,0.0
41.341,-88.2,0.0
43.599000000000004,-88.2,0.0
45.857,-88.2,0.0
48.115,-88.2,0.25
50.373000000000005,-88.2,0.5
52.631,-88.2,0.0
54.888999999999996,-88.2,0.0
57.147000000000006,-88.2,0.4
59.405,-88.2,0.0
61.663,-88.2,0.0
63.921,-88.2,
66.179,-88.2,
68.437,-88.2,
70.695,-88.2,
72.953,-88.2,
75.21099999999998,-88.2,
77.469,-88.2,
79.727,-88.2,
81.98499999999999,-88.2,
84.243,-88.2,
86.501,-88.2,
88.75899999999999,-88.2,
91.017,-88.2,
93.275,-88.2,
95.53299999999999,-88.2,
97.791,-88.2,
100.04899999999999,-88.2,
102.30699999999999,-88.2,
104.565,-88.2,
106.823,-88.2,
109.08099999999999,-88.2,
111.339,-88.2,
113.597,-88.2,
115.85499999999999,-88.2,
118.113,-88.2,
120.371,-88.2,
9.729,-84.6,
11.987,-84.6,
14.245,-84.6,0.0
16.503,-84.6,
18.761,-84.6,
21.019,-84.6,
23.277,-84.6,0.0
25.535,-84.6,
27.793,-84.6,0.0
30.051,-84.6,0.0
32.309,-84.6,0.0
34.567,-84.6,0.0
36.825,-84.6,0.0
39.083,-84.6,0.2
41.341,-84.6,0.16666666666666666
43.599000000000004,-84.6,0.125
45.857,-84.6,0.3333333333333333
48.115,-84.6,0.1
50.373000000000005,-84.6,0.07692307692307693
52.631,-84.6,0.0
54.888999999999996,-84.6,0.0625
57.147000000000006,-84.6,0.0
59.405,-84.6,0.07692307692307693
61.663,-84.6,0.15384615384615385
63.921,-84.6,0.0
66.179,-84.6,0.3
68.437,-84.6,0.0
70.695,-84.6,0.0
72.953,-84.6,
75.21099999999998,-84.6,
77.469,-84.6,
79.727,-84.6,
81.98499999999999,-84.6,
84.243,-84.6,
86.501,-84.6,
88.75899999999999,-84.6,
91.017,-84.6,
93.275,-84.6,
95.53299999999999,-84.6,
97.791,-84.6,
100.04899999999999,-84.6,
102.30699999999999,-84.6,
104.565,-84.6,
106.823,-84.6,
109.08099999999999,-84.6,
111.339,-84.6,
113.597,-84.6,
115.85499999999999,-84.6,
118.113,-84.6,
120.371,-84.6,
9.729,-81.0,
11.987,-81.0,
14.245,-81.0,
16.503,-81.0,
18.761,-81.0,
21.019,-81.0,
23.277,-81.0,0.0
25.535,-81.0,0.0
27.793,-81.0,0.0
30.051,-81.0,0.0
32.309,-81.0,0.0
34.567,-81.0,0.25
36.825,-81.0,0.16666666666666666
39.083,-81.0,0.2
41.341,-81.0,0.0
43.599000000000004,-81.0,0.0
45.857,-81.0,0.18181818181818182
48.115,-81.0,0.19047619047619047
50.373000000000005,-81.0,0.15789473684210525
52.631,-81.0,0.23529411764705882
54.888999999999996,-81.0,0.09090909090909091
57.147000000000006,-81.0,0.2
59.405,-81.0,0.0
61.663,-81.0,0.2222222222222222
63.921,-81.0,0.2
66.179,-81.0,0.25
68.437,-81.0,0.0
70.695,-81.0,0.5
72.953,-81.0,0.5
75.21099999999998,-81.0,
77.469,-81.0,
79.727,-81.0,
81.98499999999999,-81.0,
84.243,-81.0,
86.501,-81.0,
88.75899999999999,-81.0,
91.017,-81.0,
93.275,-81.0,
95.53299999999999,-81.0,
97.791,-81.0,
100.04899999999999,-81.0,
102.30699999999999,-81.0,
104.565,-81.0,
106.823,-81.0,
109.08099999999999,-81.0,
111.339,-81.0,
113.597,-81.0,
115.85499999999999,-81.0,
118.113,-81.0,
120.371,-81.0,
9.729,-77.4,
11.987,-77.4,0.0
14.245,-77.4,
16.503,-77.4,0.0
18.761,-77.4,
21.019,-77.4,
23.277,-77.4,0.0
25.535,-77.4,0.0
27.793,-77.4,0.0
30.051,-77.4,0.25
32.309,-77.4,0.0
34.567,-77.4,0.25
36.825,-77.4,0.5
39.083,-77.4,0.07142857142857142
41.341,-77.4,0.3333333333333333
43.599000000000004,-77.4,0.19047619047619047
45.857,-77.4,0.13333333333333333
48.115,-77.4,0.0
50.373000000000005,-77.4,0.21739130434782608
52.631,-77.4,0.16666666666666666
54.888999999999996,-77.4,0.18181818181818182
57.147000000000006,-77.4,0.12
59.405,-77.4,0.23809523809523808
61.663,-77.4,0.25
63.921,-77.4,0.1875
66.179,-77.4,0.23076923076923078
68.437,-77.4,0.3333333333333333
70.695,-77.4,0.5833333333333334
72.953,-77.4,0.25
75.21099999999998,-77.4,0.5
77.469,-77.4,
79.727,-77.4,
81.98499999999999,-77.4,
84.243,-77.4,
86.501,-77.4,
88.75899999999999,-77.4,
91.017,-77.4,
93.275,-77.4,
95.53299999999999,-77.4,
97.791,-77.4,
100.04899999999999,-77.4,
102.30699999999999,-77.4,
104.565,-77.4,
106.823,-77.4,
109.08099999999999,-77.4,
111.339,-77.4,
113.597,-77.4,
115.85499999999999,-77.4,
118.113,-77.4,
120.371,-77.4,
9.729,-73.8,
11.987,-73.8,
14.245,-73.8,0.0
16.503,-73.8,
18.761,-73.8,
21.019,-73.8,
23.277,-73.8,0.0
25.535,-73.8,0.0
27.793,-73.8,0.5
30.051,-73.8,0.0
32.309,-73.8,0.3
34.567,-73.8,0.6
36.825,-73.8,0.5
39.083,-73.8,0.4
41.341,-73.8,0.2
43.599000000000004,-73.8,0.06666666666666667
45.857,-73.8,0.07692307692307693
48.115,-73.8,0.21428571428571427
50.373000000000005,-73.8,0.14814814814814814
52.631,-73.8,0.25925925925925924
54.888999999999996,-73.8,0.15151515151515152
57.147000000000006,-73.8,0.23809523809523808
59.405,-73.8,0.2608695652173913
61.663,-73.8,0.21052631578947367
63.921,-73.8,0.07142857142857142
66.179,-73.8,0.2
68.437,-73.8,0.25
70.695,-73.8,0.5
72.953,-73.8,0.2
75.21099999999998,-73.8,0.2
77.469,-73.8,0.25
79.727,-73.8,0.0
81.98499999999999,-73.8,
84.243,-73.8,
86.501,-73.8,
88.75899999999999,-73.8,
91.017,-73.8,
93.275,-73.8,
95.53299999999999,-73.8,
97.791,-73.8,
100.04899999999999,-73.8,
102.30699999999999,-73.8,
104.565,-73.8,
106.823,-73.8,
109.08099999999999,-73.8,
111.339,-73.8,
113.597,-73.8,
115.85499999999999,-73.8,
118.113,-73.8,
120.371,-73.8,
9.729,-70.2,
11.987,-70.2,
14.245,-70.2,
16.503,-70.2,
18.761,-70.2,
21.019,-70.2,0.0
23.277,-70.2,0.5
25.535,-70.2,0.0
27.793,-70.2,0.25
30.051,-70.2,0.2857142857142857
32.309,-70.2,0.3
34.567,-70.2,0.3
36.825,-70.2,0.08333333333333333
39.083,-70.2,0.16666666666666666
41.341,-70.2,0.09090909090909091
43.599000000000004,-70.2,0.3448275862068966
45.857,-70.2,0.28125
48.115,-70.2,0.2
50.373000000000005,-70.2,0.17647058823529413
52.631,-70.2,0.15217391304347827
54.888999999999996,-70.2,0.26
57.147000000000006,-70.2,0.18867924528301888
59.405,-70.2,0.08695652173913043
61.663,-70.2,0.06896551724137931
63.921,-70.2,0.09523809523809523
66.179,-70.2,0.3103448275862069
68.437,-70.2,0.3157894736842105
70.695,-70.2,0.2
72.953,-70.2,0.25
75.21099999999998,-70.2,0.4
77.469,-70.2,0.2857142857142857
79.727,-70.2,0.125
81.98499999999999,-70.2,0.4
84.243,-70.2,0.0
86.501,-70.2,
88.75899999999999,-70.2,
91.017,-70.2,
93.275,-70.2,
95.53299999999999,-70.2,
97.791,-70.2,
100.04899999999999,-70.2,
102.30699999999999,-70.2,
104.565,-70.2,
106.823,-70.2,
109.08099999999999,-70.2,
111.339,-70.2,
113.597,-70.2,
115.85499999999999,-70.2,
118.113,-70.2,
120.371,-70.2,
9.729,-66.6,
11.987,-66.6,0.0
14.245,-66.6,
16.503,-66.6,
18.761,-66.6,
21.019,-66.6,0.0
23.277,-66.6,0.6666666666666666
25.535,-66.6,0.25
27.793,-66.6,0.5
30.051,-66.6,0.3333333333333333
32.309,-66.6,0.4
34.567,-66.6,0.45454545454545453
36.825,-66.6,0.375
39.083,-66.6,0.13333333333333333
41.341,-66.6,0.2
43.599000000000004,-66.6,0.3076923076923077
45.857,-66.6,0.36363636363636365
48.115,-66.6,0.2
50.373000000000005,-66.6,0.16666666666666666
52.631,-66.6,0.23809523809523808
54.888999999999996,-66.6,0.18181818181818182
57.147000000000006,-66.6,0.1702127659574468
59.405,-66.6,0.23728813559322035
61.663,-66.6,0.16216216216216217
63.921,-66.6,0.29545454545454547
66.179,-66.6,0.20512820512820512
68.437,-66.6,0.21875
70.695,-66.6,0.25
72.953,-66.6,0.15789473684210525
75.21099999999998,-66.6,0.4
77.469,-66.6,0.47368421052631576
79.727,-66.6,0.29411764705882354
81.98499999999999,-66.6,0.3
84.243,-66.6,0.42857142857142855
86.501,-66.6,0.2857142857142857
88.75899999999999,-66.6,0.0
91.017,-66.6,
93.275,-66.6,
95.53299999999999,-66.6,
97.791,-66.6,
100.04899999999999,-66.6,
102.30699999999999,-66.6,
104.565,-66.6,
106.823,-66.6,
109.08099999999999,-66.6,
111.339,-66.6,
113.597,-66.6,
115.85499999999999,-66.6,
118.113,-66.6,
120.371,-66.6,
9.729,-63.0,
11.987,-63.0,0.0
14.245,-63.0,
16.503,-63.0,
18.761,-63.0,
21.019,-63.0,0.0
23.277,-63.0,0.5
25.535,-63.0,0.0
27.793,-63.0,0.25
30.051,-63.0,0.14285714285714285
32.309,-63.0,0.0
34.567,-63.0,0.3333333333333333
36.825,-63.0,0.36363636363636365
39.083,-63.0,0.16666666666666666
41.341,-63.0,0.29411764705882354
43.599000000000004,-63.0,0.2
45.857,-63.0,0.20833333333333334
48.115,-63.0,0.2222222222222222
50.373000000000005,-63.0,0.2222222222222222
52.631,-63.0,0.21212121212121213
54.888999999999996,-63.0,0.1590909090909091
57.147000000000006,-63.0,0.3055555555555556
59.405,-63.0,0.2777777777777778
61.663,-63.0,0.32142857142857145
63.921,-63.0,0.2564102564102564
66.179,-63.0,0.175
68.437,-63.0,0.2857142857142857
70.695,-63.0,0.3793103448275862
72.953,-63.0,0.3
75.21099999999998,-63.0,0.3793103448275862
77.469,-63.0,0.4
79.727,-63.0,0.4375
81.98499999999999,-63.0,0.38461538461538464
84.243,-63.0,0.25
86.501,-63.0,0.3333333333333333
88.75899999999999,-63.0,0.42857142857142855
91.017,-63.0,
93.275,-63.0,
95.53299999999999,-63.0,
97.791,-63.0,
100.04899999999999,-63.0,
102.30699999999999,-63.0,
104.565,-63.0,
106.823,-63.0,
109.08099999999999,-63.0,
111.339,-63.0,
113.597,-63.0,
115.85499999999999,-63.0,
118.113,-63.0,
120.371,-63.0,
9.729,-59.400000000000006,0.0
11.987,-59.400000000000006,
14.245,-59.400000000000006,
16.503,-59.400000000000006,0.0
18.761,-59.400000000000006,
21.019,-59.400000000000006,
23.277,-59.400000000000006,0.5
25.535,-59.400000000000006,0.6666666666666666
27.793,-59.400000000000006,0.25
30.051,-59.400000000000006,0.14285714285714285
32.309,-59.400000000000006,0.125
34.567,-59.400000000000006,0.4
36.825,-59.400000000000006,0.29411764705882354
39.083,-59.400000000000006,0.3333333333333333
41.341,-59.400000000000006,0.2916666666666667
43.599000000000004,-59.400000000000006,0.2916666666666667
45.857,-59.400000000000006,0.3333333333333333
48.115,-59.400000000000006,0.3
50.373000000000005,-59.400000000000006,0.16216216216216217
52.631,-59.400000000000006,0.2619047619047619
54.888999999999996,-59.400000000000006,0.2653061224489796
57.147000000000006,-59.400000000000006,0.18181818181818182
59.405,-59.400000000000006,0.2
61.663,-59.400000000000006,0.19642857142857142
63.921,-59.400000000000006,0.28169014084507044
66.179,-59.400000000000006,0.14893617021276595
68.437,-59.400000000000006,0.3442622950819672
70.695,-59.400000000000006,0.18604651162790697
72.953,-59.400000000000006,0.40540540540540543
75.21099999999998,-59.400000000000006,0.175
77.469,-59.400000000000006,0.30434782608695654
79.727,-59.400000000000006,0.08
81.98499999999999,-59.400000000000006,0.3333333333333333
84.243,-59.400000000000006,0.3333333333333333
86.501,-59.400000000000006,0.1
88.75899999999999,-59.400000000000006,0.1111111111111111
91.017,-59.400000000000006,0.4
93.275,-59.400000000000006,0.5
95.53299999999999,-59.400000000000006,
97.791,-59.400000000000006,
100.04899999999999,-59.400000000000006,
102.30699999999999,-59.400000000000006,
104.565,-59.400000000000006,
106.823,-59.400000000000006,
109.08099999999999,-59.400000000000006,
111.339,-59.400000000000006,
113.597,-59.400000000000006,
115.85499999999999,-59.400000000000006,
118.113,-59.400000000000006,
120.371,-59.400000000000006,
9.729,-55.8,0.0
11.987,-55.8,
14.245,-55.8,
16.503,-55.8,
18.761,-55.8,0.0
21.019,-55.8,1.0
23.277,-55.8,0.0
25.535,-55.8,0.3333333333333333
27.793,-55.8,0.0
30.051,-55.8,0.14285714285714285
32.309,-55.8,0.1111111111111111
34.567,-55.8,0.2727272727272727
36.825,-55.8,0.3076923076923077
39.083,-55.8,0.2
41.341,-55.8,0.3333333333333333
43.599000000000004,-55.8,0.16666666666666666
45.857,-55.8,0.17647058823529413
48.115,-55.8,0.3333333333333333
50.373000000000005,-55.8,0.25
52.631,-55.8,0.29411764705882354
54.888999999999996,-55.8,0.2127659574468085
57.147000000000006,-55.8,0.25
59.405,-55.8,0.24193548387096775
61.663,-55.8,0.41379310344827586
63.921,-55.8,0.14285714285714285
66.179,-55.8,0.2923076923076923
68.437,-55.8,0.3404255319148936
70.695,-55.8,0.34782608695652173
72.953,-55.8,0.23076923076923078
75.21099999999998,-55.8,0.40540540540540543
77.469,-55.8,0.30303030303030304
79.727,-55.8,0.2727272727272727
81.98499999999999,-55.8,0.2
84.243,-55.8,0.2631578947368421
86.501,-55.8,0.3333333333333333
88.75899999999999,-55.8,0.375
91.017,-55.8,0.25
93.275,-55.8,0.5
95.53299999999999,-55.8,0.5
97.791,-55.8,
100.04899999999999,-55.8,
102.30699999999999,-55.8,
104.565,-55.8,
106.823,-55.8,
109.08099999999999,-55.8,
111.339,-55.8,
113.597,-55.8,
115.85499999999999,-55.8,
118.113,-55.8,
120.371,-55.8,
9.729,-52.2,
11.987,-52.2,
14.245,-52.2,0.0
16.503,-52.2,0.5
18.761,-52.2,0.0
21.019,-52.2,0.0
23.277,-52.2,1.0
25.535,-52.2,0.0
27.793,-52.2,
30.051,-52.2,0.2727272727272727
32.309,-52.2,0.3
34.567,-52.2,0.15789473684210525
36.825,-52.2,0.35714285714285715
39.083,-52.2,0.26666666666666666
41.341,-52.2,0.47058823529411764
43.599000000000004,-52.2,0.5333333333333333
45.857,-52.2,0.30434782608695654
48.115,-52.2,0.10526315789473684
50.373000000000005,-52.2,0.2608695652173913
52.631,-52.2,0.2727272727272727
54.888999999999996,-52.2,0.2222222222222222
57.147000000000006,-52.2,0.25
59.405,-52.2,0.2413793103448276
61.663,-52.2,0.27586206896551724
63.921,-52.2,0.3076923076923077
66.179,-52.2,0.24390243902439024
68.437,-52.2,0.24
70.695,-52.2,0.21839080459770116
72.953,-52.2,0.2948717948717949
75.21099999999998,-52.2,0.26153846153846155
77.469,-52.2,0.3404255319148936
79.727,-52.2,0.23728813559322035
81.98499999999999,-52.2,0.325
84.243,-52.2,0.23809523809523808
86.501,-52.2,0.3225806451612903
88.75899999999999,-52.2,0.12
91.017,-52.2,0.1
93.275,-52.2,0.25
95.53299999999999,-52.2,0.375
97.791,-52.2,0.5
100.04899999999999,-52.2,
102.30699999999999,-52.2,
104.565,-52.2,
106.823,-52.2,
109.08099999999999,-52.2,
111.339,-52.2,
113.597,-52.2,
115.85499999999999,-52.2,
118.113,-52.2,
120.371,-52.2,
9.729,-48.599999999999994,
11.987,-48.599999999999994,
14.245,-48.599999999999994,
16.503,-48.599999999999994,
18.761,-48.599999999999994,0.0
21.019,-48.599999999999994,1.0
23.277,-48.599999999999994,0.0
25.535,-48.599999999999994,0.14285714285714285
27.793,-48.599999999999994,0.4
30.051,-48.599999999999994,0.14285714285714285
32.309,-48.599999999999994,0.5263157894736842
34.567,-48.599999999999994,0.3333333333333333
36.825,-48.599999999999994,0.2857142857142857
39.083,-48.599999999999994,0.26666666666666666
41.341,-48.599999999999994,0.2631578947368421
43.599000000000004,-48.599999999999994,0.42857142857142855
45.857,-48.599999999999994,0.20833333333333334
48.115,-48.599999999999994,0.1111111111111111
50.373000000000005,-48.599999999999994,0.17647058823529413
52.631,-48.599999999999994,0.19444444444444445
54.888999999999996,-48.599999999999994,0.2777777777777778
57.147000000000006,-48.599999999999994,0.35185185185185186
59.405,-48.599999999999994,0.21505376344086022
61.663,-48.599999999999994,0.25773195876288657
63.921,-48.599999999999994,0.27956989247311825
66.179,-48.599999999999994,0.3010752688172043
68.437,-48.599999999999994,0.3069306930693069
70.695,-48.599999999999994,0.17708333333333334
72.953,-48.599999999999994,0.24358974358974358
75.21099999999998,-48.599999999999994,0.11392405063291139
77.469,-48.599999999999994,0.14102564102564102
79.727,-48.599999999999994,0.125
81.98499999999999,-48.599999999999994,0.1864406779661017
84.243,-48.599999999999994,0.11475409836065574
86.501,-48.599999999999994,0.18604651162790697
88.75899999999999,-48.599999999999994,0.375
91.017,-48.599999999999994,0.04
93.275,-48.599999999999994,0.0
95.53299999999999,-48.599999999999994,0.14285714285714285
97.791,-48.599999999999994,0.16666666666666666
100.04899999999999,-48.599999999999994,0.2
102.30699999999999,-48.599999999999994,0.0
104.565,-48.599999999999994,
106.823,-48.599999999999994,
109.08099999999999,-48.599999999999994,
111.339,-48.599999999999994,
113.597,-48.599999999999994,
115.85499999999999,-48.599999999999994,
118.113,-48.599999999999994,
120.371,-48.599999999999994,
9.729,-45.0,
11.987,-45.0,
14.245,-45.0,1.0
16.503,-45.0,
18.761,-45.0,
21.019,-45.0,1.0
23.277,-45.0,0.3333333333333333
25.535,-45.0,0.0
27.793,-45.0,0.8
30.051,-45.0,0.3333333333333333
32.309,-45.0,0.3333333333333333
34.567,-45.0,0.46153846153846156
36.825,-45.0,0.4444444444444444
39.083,-45.0,0.4444444444444444
41.341,-45.0,0.3333333333333333
43.599000000000004,-45.0,0.3
45.857,-45.0,0.0625
48.115,-45.0,0.4166666666666667
50.373000000000005,-45.0,0.17647058823529413
52.631,-45.0,0.125
54.888999999999996,-45.0,0.2
57.147000000000006,-45.0,0.125
59.405,-45.0,0.25925925925925924
61.663,-45.0,0.15151515151515152
63.921,-45.0,0.22857142857142856
66.179,-45.0,0.19540229885057472
68.437,-45.0,0.2261904761904762
70.695,-45.0,0.22857142857142856
72.953,-45.0,0.20833333333333334
75.21099999999998,-45.0,0.16883116883116883
77.469,-45.0,0.11538461538461539
79.727,-45.0,0.13095238095238096
81.98499999999999,-45.0,0.11764705882352941
84.243,-45.0,0.06818181818181818
86.501,-45.0,0.125
88.75899999999999,-45.0,0.1724137931034483
91.017,-45.0,0.045454545454545456
93.275,-45.0,0.19230769230769232
95.53299999999999,-45.0,0.16666666666666666
97.791,-45.0,0.0
100.04899999999999,-45.0,0.0
102.30699999999999,-45.0,0.0
104.565,-45.0,
106.823,-45.0,
109.08099999999999,-45.0,
111.339,-45.0,
113.597,-45.0,
115.85499999999999,-45.0,
118.113,-45.0,
120.371,-45.0,
9.729,-41.4,
11.987,-41.4,
14.245,-41.4,0.0
16.503,-41.4,1.0
18.761,-41.4,
21.019,-41.4,1.0
23.277,-41.4,0.2857142857142857
25.535,-41.4,0.6666666666666666
27.793,-41.4,0.5
30.051,-41.4,0.4444444444444444
32.309,-41.4,0.3125
34.567,-41.4,0.3157894736842105
36.825,-41.4,0.3333333333333333
39.083,-41.4,0.45
41.341,-41.4,0.3157894736842105
43.599000000000004,-41.4,0.5
45.857,-41.4,0.058823529411764705
48.115,-41.4,0.21052631578947367
50.373000000000005,-41.4,0.1875
52.631,-41.4,0.18604651162790697
54.888999999999996,-41.4,0.07692307692307693
57.147000000000006,-41.4,0.08823529411764706
59.405,-41.4,0.17647058823529413
61.663,-41.4,0.16304347826086957
63.921,-41.4,0.11956521739130435
66.179,-41.4,0.11214953271028037
68.437,-41.4,0.19101123595505617
70.695,-41.4,0.0761904761904762
72.953,-41.4,0.08823529411764706
75.21099999999998,-41.4,0.11267605633802817
77.469,-41.4,0.046875
79.727,-41.4,0.047619047619047616
81.98499999999999,-41.4,0.13445378151260504
84.243,-41.4,0.044642857142857144
86.501,-41.4,0.08433734939759036
88.75899999999999,-41.4,0.06944444444444445
91.017,-41.4,0.018867924528301886
93.275,-41.4,0.16666666666666666
95.53299999999999,-41.4,0.0
97.791,-41.4,0.09523809523809523
100.04899999999999,-41.4,0.0
102.30699999999999,-41.4,0.125
104.565,-41.4,0.25
106.823,-41.4,0.0
109.08099999999999,-41.4,
111.339,-41.4,
113.597,-41.4,
115.85499999999999,-41.4,
118.113,-41.4,
120.371,-41.4,
9.729,-37.8,
11.987,-37.8,
14.245,-37.8,
16.503,-37.8,0.0
18.761,-37.8,
21.019,-37.8,0.0
23.277,-37.8,1.0
25.535,-37.8,0.16666666666666666
27.793,-37.8,0.125
30.051,-37.8,0.23076923076923078
32.309,-37.8,0.14285714285714285
34.567,-37.8,0.18181818181818182
36.825,-37.8,0.2
39.083,-37.8,0.2222222222222222
41.341,-37.8,0.2727272727272727
43.599000000000004,-37.8,0.2222222222222222
45.857,-37.8,0.09090909090909091
48.115,-37.8,0.375
50.373000000000005,-37.8,0.17647058823529413
52.631,-37.8,0.1111111111111111
54.888999999999996,-37.8,0.07142857142857142
57.147000000000006,-37.8,0.07894736842105263
59.405,-37.8,0.14
61.663,-37.8,0.05454545454545454
63.921,-37.8,0.12
66.179,-37.8,0.07407407407407407
68.437,-37.8,0.06741573033707865
70.695,-37.8,0.11224489795918367
72.953,-37.8,0.1
75.21099999999998,-37.8,0.0891089108910891
77.469,-37.8,0.07017543859649122
79.727,-37.8,0.024
81.98499999999999,-37.8,0.04878048780487805
84.243,-37.8,0.07377049180327869
86.501,-37.8,0.056179775280898875
88.75899999999999,-37.8,0.023255813953488372
91.017,-37.8,0.03896103896103896
93.275,-37.8,0.07142857142857142
95.53299999999999,-37.8,0.04
97.791,-37.8,0.13793103448275862
100.04899999999999,-37.8,0.08333333333333333
102.30699999999999,-37.8,0.0
104.565,-37.8,0.0
106.823,-37.8,0.3333333333333333
109.08099999999999,-37.8,
111.339,-37.8,
113.597,-37.8,
115.85499999999999,-37.8,
118.113,-37.8,
120.371,-37.8,
9.729,-34.2,
11.987,-34.2,
14.245,-34.2,
16.503,-34.2,1.0
18.761,-34.2,0.0
21.019,-34.2,0.0
23.277,-34.2,0.0
25.535,-34.2,0.0
27.793,-34.2,0.4
30.051,-34.2,0.3125
32.309,-34.2,0.3333333333333333
34.567,-34.2,0.06666666666666667
36.825,-34.2,0.3888888888888889
39.083,-34.2,0.35714285714285715
41.341,-34.2,0.45454545454545453
43.599000000000004,-34.2,0.26666666666666666
45.857,-34.2,0.0625
48.115,-34.2,0.0
50.373000000000005,-34.2,0.16666666666666666
52.631,-34.2,0.02702702702702703
54.888999999999996,-34.2,0.0851063829787234
57.147000000000006,-34.2,0.14285714285714285
59.405,-34.2,0.10588235294117647
61.663,-34.2,0.056338028169014086
63.921,-34.2,0.08737864077669903
66.179,-34.2,0.07258064516129033
68.437,-34.2,0.08
70.695,-34.2,0.046296296296296294
72.953,-34.2,0.06349206349206349
75.21099999999998,-34.2,0.05161290322580645
77.469,-34.2,0.0189873417721519
79.727,-34.2,0.037267080745341616
81.98499999999999,-34.2,0.06395348837209303
84.243,-34.2,0.037267080745341616
86.501,-34.2,0.06896551724137931
88.75899999999999,-34.2,0.04895104895104895
91.017,-34.2,0.04827586206896552
93.275,-34.2,0.05128205128205128
95.53299999999999,-34.2,0.05263157894736842
97.791,-34.2,0.13333333333333333
100.04899999999999,-34.2,0.09615384615384616
102.30699999999999,-34.2,0.12903225806451613
104.565,-34.2,0.15384615384615385
106.823,-34.2,0.058823529411764705
109.08099999999999,-34.2,0.1111111111111111
111.339,-34.2,
113.597,-34.2,
115.85499999999999,-34.2,
118.113,-34.2,
120.371,-34.2,
9.729,-30.599999999999998,
11.987,-30.599999999999998,
14.245,-30.599999999999998,1.0
16.503,-30.599999999999998,
18.761,-30.599999999999998,0.5
21.019,-30.599999999999998,0.0
23.277,-30.599999999999998,0.2
25.535,-30.599999999999998,0.1
27.793,-30.599999999999998,0.3333333333333333
30.051,-30.599999999999998,0.36363636363636365
32.309,-30.599999999999998,0.2222222222222222
34.567,-30.599999999999998,0.08333333333333333
36.825,-30.599999999999998,0.21428571428571427
39.083,-30.599999999999998,0.2777777777777778
41.341,-30.599999999999998,0.42105263157894735
43.599000000000004,-30.599999999999998,0.2777777777777778
45.857,-30.599999999999998,0.3076923076923077
48.115,-30.599999999999998,0.18181818181818182
50.373000000000005,-30.599999999999998,0.1
52.631,-30.599999999999998,0.18181818181818182
54.888999999999996,-30.599999999999998,0.05555555555555555
57.147000000000006,-30.599999999999998,0.1346153846153846
59.405,-30.599999999999998,0.06451612903225806
61.663,-30.599999999999998,0.06521739130434782
63.921,-30.599999999999998,0.06338028169014084
66.179,-30.599999999999998,0.03571428571428571
68.437,-30.599999999999998,0.0625
70.695,-30.599999999999998,0.08208955223880597
72.953,-30.599999999999998,0.03333333333333333
75.21099999999998,-30.599999999999998,0.05325443786982249
77.469,-30.599999999999998,0.03954802259887006
79.727,-30.599999999999998,0.047872340425531915
81.98499999999999,-30.599999999999998,0.06862745098039216
84.243,-30.599999999999998,0.04854368932038835
86.501,-30.599999999999998,0.06870229007633588
88.75899999999999,-30.599999999999998,0.08095238095238096
91.017,-30.599999999999998,0.0892018779342723
93.275,-30.599999999999998,0.08900523560209424
95.53299999999999,-30.599999999999998,0.06666666666666667
97.791,-30.599999999999998,0.058394160583941604
100.04899999999999,-30.599999999999998,0.07317073170731707
102.30699999999999,-30.599999999999998,0.09375
104.565,-30.599999999999998,0.16666666666666666
106.823,-30.599999999999998,0.1935483870967742
109.08099999999999,-30.599999999999998,0.06666666666666667
111.339,-30.599999999999998,
113.597,-30.599999999999998,
115.85499999999999,-30.599999999999998,
118.113,-30.599999999999998,
120.371,-30.599999999999998,
9.729,-27.0,
11.987,-27.0,
14.245,-27.0,
16.503,-27.0,
18.761,-27.0,0.0
21.019,-27.0,
23.277,-27.0,0.0
25.535,-27.0,0.8571428571428571
27.793,-27.0,0.0
30.051,-27.0,0.4166666666666667
32.309,-27.0,0.38461538461538464
34.567,-27.0,0.4444444444444444
36.825,-27.0,0.5
39.083,-27.0,0.4
41.341,-27.0,0.29411764705882354
43.599000000000004,-27.0,0.09090909090909091
45.857,-27.0,0.17647058823529413
48.115,-27.0,0.07142857142857142
50.373000000000005,-27.0,0.07692307692307693
52.631,-27.0,0.0625
54.888999999999996,-27.0,0.0
57.147000000000006,-27.0,0.0625
59.405,-27.0,0.017857142857142856
61.663,-27.0,0.1896551724137931
63.921,-27.0,0.0449438202247191
66.179,-27.0,0.043478260869565216
68.437,-27.0,0.03125
70.695,-27.0,0.046296296296296294
72.953,-27.0,0.017857142857142856
75.21099999999998,-27.0,0.025423728813559324
77.469,-27.0,0.023076923076923078
79.727,-27.0,0.03289473684210526
81.98499999999999,-27.0,0.03614457831325301
84.243,-27.0,0.05405405405405406
86.501,-27.0,0.09313725490196079
88.75899999999999,-27.0,0.06842105263157895
91.017,-27.0,0.06880733944954129
93.275,-27.0,0.1134020618556701
95.53299999999999,-27.0,0.14465408805031446
97.791,-27.0,0.18787878787878787
100.04899999999999,-27.0,0.1111111111111111
102.30699999999999,-27.0,0.23232323232323232
104.565,-27.0,0.12162162162162163
106.823,-27.0,0.1282051282051282
109.08099999999999,-27.0,0.21428571428571427
111.339,-27.0,0.0
113.597,-27.0,
115.85499999999999,-27.0,
118.113,-27.0,
120.371,-27.0,
9.729,-23.4,
11.987,-23.4,
14.245,-23.4,
16.503,-23.4,0.5
18.761,-23.4,
21.019,-23.4,0.0
23.277,-23.4,0.75
25.535,-23.4,0.0
27.793,-23.4,0.3333333333333333
30.051,-23.4,0.25
32.309,-23.4,0.3888888888888889
34.567,-23.4,0.6
36.825,-23.4,0.375
39.083,-23.4,0.38461538461538464
41.341,-23.4,0.35714285714285715
43.599000000000004,-23.4,0.2222222222222222
45.857,-23.4,0.0
48.115,-23.4,0.2727272727272727
50.373000000000005,-23.4,0.08
52.631,-23.4,0.13793103448275862
54.888999999999996,-23.4,0.0625
57.147000000000006,-23.4,0.07407407407407407
59.405,-23.4,0.09722222222222222
61.663,-23.4,0.043010752688172046
63.921,-23.4,0.049689440993788817
66.179,-23.4,0.042682926829268296
68.437,-23.4,0.023668639053254437
70.695,-23.4,0.03902439024390244
72.953,-23.4,0.036458333333333336
75.21099999999998,-23.4,0.03125
77.469,-23.4,0.07142857142857142
79.727,-23.4,0.06572769953051644
81.98499999999999,-23.4,0.052830188679245285
84.243,-23.4,0.06796116504854369
86.501,-23.4,0.09269662921348315
88.75899999999999,-23.4,0.07865168539325842
91.017,-23.4,0.08888888888888889
93.275,-23.4,0.1409921671018277
95.53299999999999,-23.4,0.16339869281045752
97.791,-23.4,0.1099290780141844
100.04899999999999,-23.4,0.13414634146341464
102.30699999999999,-23.4,0.13793103448275862
104.565,-23.4,0.23668639053254437
106.823,-23.4,0.1388888888888889
109.08099999999999,-23.4,0.07894736842105263
111.339,-23.4,1.0
113.597,-23.4,
115.85499999999999,-23.4,
118.113,-23.4,
120.371,-23.4,
9.729,-19.799999999999997,1.0
11.987,-19.799999999999997,
14.245,-19.799999999999997,
16.503,-19.799999999999997,0.0
18.761,-19.799999999999997,0.0
21.019,-19.799999999999997,0.5
23.277,-19.799999999999997,0.5
25.535,-19.799999999999997,0.1111111111111111
27.793,-19.799999999999997,0.3
30.051,-19.799999999999997,0.16666666666666666
32.309,-19.799999999999997,0.0
34.567,-19.799999999999997,0.5714285714285714
36.825,-19.799999999999997,0.2222222222222222
39.083,-19.799999999999997,0.2727272727272727
41.341,-19.799999999999997,0.5
43.599000000000004,-19.799999999999997,0.13333333333333333
45.857,-19.799999999999997,0.23076923076923078
48.115,-19.799999999999997,0.07142857142857142
50.373000000000005,-19.799999999999997,0.07692307692307693
52.631,-19.799999999999997,0.21052631578947367
54.888999999999996,-19.799999999999997,0.10344827586206896
57.147000000000006,-19.799999999999997,0.12121212121212122
59.405,-19.799999999999997,0.0
61.663,-19.799999999999997,0.031746031746031744
63.921,-19.799999999999997,0.07766990291262135
66.179,-19.799999999999997,0.037037037037037035
68.437,-19.799999999999997,0.03205128205128205
70.695,-19.799999999999997,0.04666666666666667
72.953,-19.799999999999997,0.041666666666666664
75.21099999999998,-19.799999999999997,0.045714285714285714
77.469,-19.799999999999997,0.06321839080459771
79.727,-19.799999999999997,0.06770833333333333
81.98499999999999,-19.799999999999997,0.06735751295336788
84.243,-19.799999999999997,0.07224334600760456
86.501,-19.799999999999997,0.07220216606498195
88.75899999999999,-19.799999999999997,0.10031347962382445
91.017,-19.799999999999997,0.13513513513513514
93.275,-19.799999999999997,0.16574585635359115
95.53299999999999,-19.799999999999997,0.16129032258064516
97.791,-19.799999999999997,0.16451612903225807
100.04899999999999,-19.799999999999997,0.15139442231075698
102.30699999999999,-19.799999999999997,0.1782608695652174
104.565,-19.799999999999997,0.23529411764705882
106.823,-19.799999999999997,0.20388349514563106
109.08099999999999,-19.799999999999997,0.07407407407407407
111.339,-19.799999999999997,0.0
113.597,-19.799999999999997,0.0
115.85499999999999,-19.799999999999997,
118.113,-19.799999999999997,
120.371,-19.799999999999997,
9.729,-16.199999999999996,0.0
11.987,-16.199999999999996,
14.245,-16.199999999999996,
16.503,-16.199999999999996,
18.761,-16.199999999999996,0.0
21.019,-16.199999999999996,0.3333333333333333
23.277,-16.199999999999996,0.14285714285714285
25.535,-16.199999999999996,0.3333333333333333
27.793,-16.199999999999996,0.4
30.051,-16.199999999999996,0.4
32.309,-16.199999999999996,0.23076923076923078
34.567,-16.199999999999996,0.5
36.825,-16.199999999999996,0.5
39.083,-16.199999999999996,0.21428571428571427
41.341,-16.199999999999996,0.5
43.599000000000004,-16.199999999999996,0.2727272727272727
45.857,-16.199999999999996,0.05555555555555555
48.115,-16.199999999999996,0.13043478260869565
50.373000000000005,-16.199999999999996,0.0
52.631,-16.199999999999996,0.2
54.888999999999996,-16.199999999999996,0.05714285714285714
57.147000000000006,-16.199999999999996,0.12
59.405,-16.199999999999996,0.037037037037037035
61.663,-16.199999999999996,0.12048192771084337
63.921,-16.199999999999996,0.05555555555555555
66.179,-16.199999999999996,0.023668639053254437
68.437,-16.199999999999996,0.03864734299516908
70.695,-16.199999999999996,0.04526748971193416
72.953,-16.199999999999996,0.06159420289855073
75.21099999999998,-16.199999999999996,0.07392996108949416
77.469,-16.199999999999996,0.07664233576642336
79.727,-16.199999999999996,0.06143344709897611
81.98499999999999,-16.199999999999996,0.078125
84.243,-16.199999999999996,0.08762886597938144
86.501,-16.199999999999996,0.05764411027568922
88.75899999999999,-16.199999999999996,0.08668076109936575
91.017,-16.199999999999996,0.12897526501766785
93.275,-16.199999999999996,0.1637239165329053
95.53299999999999,-16.199999999999996,0.1644518272425249
97.791,-16.199999999999996,0.193717277486911
100.04899999999999,-16.199999999999996,0.1843817787418655
102.30699999999999,-16.199999999999996,0.22391857506361323
104.565,-16.199999999999996,0.21
106.823,-16.199999999999996,0.2073170731707317
109.08099999999999,-16.199999999999996,0.14414414414414414
111.339,-16.199999999999996,0.2727272727272727
113.597,-16.199999999999996,0.0
115.85499999999999,-16.199999999999996,
118.113,-16.199999999999996,
120.371,-16.199999999999996,
9.729,-12.599999999999994,
11.987,-12.599999999999994,1.0
14.245,-12.599999999999994,0.0
16.503,-12.599999999999994,0.3333333333333333
18.761,-12.599999999999994,0.0
21.019,-12.599999999999994,0.25
23.277,-12.599999999999994,0.2
25.535,-12.599999999999994,0.0
27.793,-12.599999999999994,0.3333333333333333
30.051,-12.599999999999994,0.26666666666666666
32.309,-12.599999999999994,0.3333333333333333
34.567,-12.599999999999994,0.5
36.825,-12.599999999999994,0.3333333333333333
39.083,-12.599999999999994,0.09090909090909091
41.341,-12.599999999999994,0.14285714285714285
43.599000000000004,-12.599999999999994,0.25
45.857,-12.599999999999994,0.16666666666666666
48.115,-12.599999999999994,0.25
50.373000000000005,-12.599999999999994,0.1
52.631,-12.599999999999994,0.09523809523809523
54.888999999999996,-12.599999999999994,0.05263157894736842
57.147000000000006,-12.599999999999994,0.02631578947368421
59.405,-12.599999999999994,0.125
61.663,-12.599999999999994,0.10465116279069768
63.921,-12.599999999999994,0.06153846153846154
66.179,-12.599999999999994,0.07784431137724551
68.437,-12.599999999999994,0.08
70.695,-12.599999999999994,0.04946996466431095
72.953,-12.599999999999994,0.05351170568561873
75.21099999999998,-12.599999999999994,0.08041958041958042
77.469,-12.599999999999994,0.0673076923076923
79.727,-12.599999999999994,0.06164383561643835
81.98499999999999,-12.599999999999994,0.10904255319148937
84.243,-12.599999999999994,0.08839779005524862
86.501,-12.599999999999994,0.15077605321507762
88.75899999999999,-12.599999999999994,0.12842105263157894
91.017,-12.599999999999994,0.16987179487179488
93.275,-12.599999999999994,0.17256011315417255
95.53299999999999,-12.599999999999994,0.2259810554803789
97.791,-12.599999999999994,0.22685788787483702
100.04899999999999,-12.599999999999994,0.254985754985755
102.30699999999999,-12.599999999999994,0.25444839857651247
104.565,-12.599999999999994,0.26756756756756755
106.823,-12.599999999999994,0.2895927601809955
109.08099999999999,-12.599999999999994,0.26495726495726496
111.339,-12.599999999999994,0.4
113.597,-12.599999999999994,0.0
115.85499999999999,-12.599999999999994,0.5
118.113,-12.599999999999994,
120.371,-12.599999999999994,0.0
9.729,-9.0,
11.987,-9.0,
14.245,-9.0,
16.503,-9.0,0.6666666666666666
18.761,-9.0,0.0
21.019,-9.0,0.3333333333333333
23.277,-9.0,0.0
25.535,-9.0,0.0
27.793,-9.0,0.6666666666666666
30.051,-9.0,0.36363636363636365
32.309,-9.0,0.25
34.567,-9.0,0.2857142857142857
36.825,-9.0,0.0
39.083,-9.0,0.5
41.341,-9.0,0.2857142857142857
43.599000000000004,-9.0,0.16666666666666666
45.857,-9.0,0.375
48.115,-9.0,0.2222222222222222
50.373000000000005,-9.0,0.0
52.631,-9.0,0.14285714285714285
54.888999999999996,-9.0,0.2
57.147000000000006,-9.0,0.10344827586206896
59.405,-9.0,0.044444444444444446
61.663,-9.0,0.08888888888888889
63.921,-9.0,0.05747126436781609
66.179,-9.0,0.10256410256410256
68.437,-9.0,0.03597122302158273
70.695,-9.0,0.038461538461538464
72.953,-9.0,0.04672897196261682
75.21099999999998,-9.0,0.08018867924528301
77.469,-9.0,0.08097165991902834
79.727,-9.0,0.10087719298245613
81.98499999999999,-9.0,0.13380281690140844
84.243,-9.0,0.15613382899628253
86.501,-9.0,0.14893617021276595
88.75899999999999,-9.0,0.1748768472906404
91.017,-9.0,0.21181262729124237
93.275,-9.0,0.2239057239057239
95.53299999999999,-9.0,0.2637729549248748
97.791,-9.0,0.2589928057553957
100.04899999999999,-9.0,0.26676829268292684
102.30699999999999,-9.0,0.31521739130434784
104.565,-9.0,0.3569620253164557
106.823,-9.0,0.32432432432432434
109.08099999999999,-9.0,0.423728813559322
111.339,-9.0,0.45454545454545453
113.597,-9.0,0.7142857142857143
115.85499999999999,-9.0,0.0
118.113,-9.0,0.0
120.371,-9.0,
9.729,-5.399999999999999,
11.987,-5.399999999999999,
14.245,-5.399999999999999,
16.503,-5.399999999999999,0.6666666666666666
18.761,-5.399999999999999,0.0
21.019,-5.399999999999999,0.25
23.277,-5.399999999999999,0.6
25.535,-5.399999999999999,0.4444444444444444
27.793,-5.399999999999999,0.2777777777777778
30.051,-5.399999999999999,0.0
32.309,-5.399999999999999,0.1111111111111111
34.567,-5.399999999999999,0.23076923076923078
36.825,-5.399999999999999,0.0
39.083,-5.399999999999999,0.3
41.341,-5.399999999999999,0.0
43.599000000000004,-5.399999999999999,0.25
45.857,-5.399999999999999,0.2
48.115,-5.399999999999999,0.0625
50.373000000000005,-5.399999999999999,0.1111111111111111
52.631,-5.399999999999999,0.09523809523809523
54.888999999999996,-5.399999999999999,0.14285714285714285
57.147000000000006,-5.399999999999999,0.025
59.405,-5.399999999999999,0.1016949152542373
61.663,-5.399999999999999,0.0958904109589041
63.921,-5.399999999999999,0.07446808510638298
66.179,-5.399999999999999,0.05263157894736842
68.437,-5.399999999999999,0.14
70.695,-5.399999999999999,0.05
72.953,-5.399999999999999,0.057432432432432436
75.21099999999998,-5.399999999999999,0.10493827160493827
77.469,-5.399999999999999,0.12951807228915663
79.727,-5.399999999999999,0.12994350282485875
81.98499999999999,-5.399999999999999,0.15724815724815724
84.243,-5.399999999999999,0.18594104308390022
86.501,-5.399999999999999,0.1862348178137652
88.75899999999999,-5.399999999999999,0.21254355400696864
91.017,-5.399999999999999,0.2392638036809816
93.275,-5.399999999999999,0.2641975308641975
95.53299999999999,-5.399999999999999,0.30182599355531686
97.791,-5.399999999999999,0.3142857142857143
100.04899999999999,-5.399999999999999,0.3154158215010142
102.30699999999999,-5.399999999999999,0.39378238341968913
104.565,-5.399999999999999,0.40031152647975077
106.823,-5.399999999999999,0.39375
109.08099999999999,-5.399999999999999,0.42857142857142855
111.339,-5.399999999999999,0.44329896907216493
113.597,-5.399999999999999,0.44
115.85499999999999,-5.399999999999999,1.0
118.113,-5.399999999999999,0.0
120.371,-5.399999999999999,0.0
9.729,-1.7999999999999972,
11.987,-1.7999999999999972,0.0
14.245,-1.7999999999999972,
16.503,-1.7999999999999972,0.0
18.761,-1.7999999999999972,0.0
21.019,-1.7999999999999972,0.0
23.277,-1.7999999999999972,0.0
25.535,-1.7999999999999972,0.0
27.793,-1.7999999999999972,0.0
30.051,-1.7999999999999972,0.1
32.309,-1.7999999999999972,0.0
34.567,-1.7999999999999972,0.0
36.825,-1.7999999999999972,0.25
39.083,-1.7999999999999972,0.0
41.341,-1.7999999999999972,0.0
43.599000000000004,-1.7999999999999972,0.375
45.857,-1.7999999999999972,0.0
48.115,-1.7999999999999972,0.16666666666666666
50.373000000000005,-1.7999999999999972,0.058823529411764705
52.631,-1.7999999999999972,0.16666666666666666
54.888999999999996,-1.7999999999999972,0.2222222222222222
57.147000000000006,-1.7999999999999972,0.15384615384615385
59.405,-1.7999999999999972,0.09523809523809523
61.663,-1.7999999999999972,0.06976744186046512
63.921,-1.7999999999999972,0.08695652173913043
66.179,-1.7999999999999972,0.10476190476190476
68.437,-1.7999999999999972,0.1267605633802817
70.695,-1.7999999999999972,0.08290155440414508
72.953,-1.7999999999999972,0.07211538461538461
75.21099999999998,-1.7999999999999972,0.12371134020618557
77.469,-1.7999999999999972,0.07722007722007722
79.727,-1.7999999999999972,0.16556291390728478
81.98499999999999,-1.7999999999999972,0.16272189349112426
84.243,-1.7999999999999972,0.2072072072072072
86.501,-1.7999999999999972,0.26330532212885155
88.75899999999999,-1.7999999999999972,0.2984409799554566
91.017,-1.7999999999999972,0.332
93.275,-1.7999999999999972,0.35454545454545455
95.53299999999999,-1.7999999999999972,0.3716417910447761
97.791,-1.7999999999999972,0.4026284348864994
100.04899999999999,-1.7999999999999972,0.4272300469483568
102.30699999999999,-1.7999999999999972,0.4994110718492344
104.565,-1.7999999999999972,0.49572649572649574
106.823,-1.7999999999999972,0.4683794466403162
109.08099999999999,-1.7999999999999972,0.48639455782312924
111.339,-1.7999999999999972,0.43820224719101125
113.597,-1.7999999999999972,0.5882352941176471
115.85499999999999,-1.7999999999999972,0.42857142857142855
118.113,-1.7999999999999972,
120.371,-1.7999999999999972,
9.729,1.8000000000000043,
11.987,1.8000000000000043,
14.245,1.8000000000000043,
16.503,1.8000000000000043,1.0
18.761,1.8000000000000043,1.0
21.019,1.8000000000000043,0.5
23.277,1.8000000000000043,0.25
25.535,1.8000000000000043,0.25
27.793,1.8000000000000043,0.2727272727272727
30.051,1.8000000000000043,0.3076923076923077
32.309,1.8000000000000043,0.2
34.567,1.8000000000000043,0.8
36.825,1.8000000000000043,0.0
39.083,1.8000000000000043,0.2222222222222222
41.341,1.8000000000000043,0.0
43.599000000000004,1.8000000000000043,0.16666666666666666
45.857,1.8000000000000043,0.1
48.115,1.8000000000000043,0.3
50.373000000000005,1.8000000000000043,0.1111111111111111
52.631,1.8000000000000043,0.15
54.888999999999996,1.8000000000000043,0.11428571428571428
57.147000000000006,1.8000000000000043,0.20454545454545456
59.405,1.8000000000000043,0.17307692307692307
61.663,1.8000000000000043,0.08536585365853659
63.921,1.8000000000000043,0.1188118811881188
66.179,1.8000000000000043,0.14705882352941177
68.437,1.8000000000000043,0.12021857923497267
70.695,1.8000000000000043,0.13261648745519714
72.953,1.8000000000000043,0.12099644128113879
75.21099999999998,1.8000000000000043,0.1518624641833811
77.469,1.8000000000000043,0.18882978723404256
79.727,1.8000000000000043,0.24943820224719102
81.98499999999999,1.8000000000000043,0.29711751662971175
84.243,1.8000000000000043,0.26096491228070173
86.501,1.8000000000000043,0.3333333333333333
88.75899999999999,1.8000000000000043,0.3660130718954248
91.017,1.8000000000000043,0.42151162790697677
93.275,1.8000000000000043,0.4807467911318553
95.53299999999999,1.8000000000000043,0.489247311827957
97.791,1.8000000000000043,0.5073212747631353
100.04899999999999,1.8000000000000043,0.5241666666666667
102.30699999999999,1.8000000000000043,0.588957055214724
104.565,1.8000000000000043,0.5929432013769363
106.823,1.8000000000000043,0.5910224438902744
109.08099999999999,1.8000000000000043,0.567741935483871
111.339,1.8000000000000043,0.6606334841628959
113.597,1.8000000000000043,0.7121212121212122
115.85499999999999,1.8000000000000043,0.625
118.113,1.8000000000000043,1.2
120.371,1.8000000000000043,0.0
9.729,5.400000000000006,
11.987,5.400000000000006,
14.245,5.400000000000006,0.5
16.503,5.400000000000006,1.0
18.761,5.400000000000006,
21.019,5.400000000000006,0.0
23.277,5.400000000000006,0.3333333333333333
25.535,5.400000000000006,0.0
27.793,5.400000000000006,0.3333333333333333
30.051,5.400000000000006,0.5714285714285714
32.309,5.400000000000006,0.5
34.567,5.400000000000006,0.3333333333333333
36.825,5.400000000000006,0.25
39.083,5.400000000000006,0.0
41.341,5.400000000000006,0.375
43.599000000000004,5.400000000000006,0.16666666666666666
45.857,5.400000000000006,0.2727272727272727
48.115,5.400000000000006,0.0
50.373000000000005,5.400000000000006,0.2222222222222222
52.631,5.400000000000006,0.030303030303030304
54.888999999999996,5.400000000000006,0.13793103448275862
57.147000000000006,5.400000000000006,0.13953488372093023
59.405,5.400000000000006,0.09803921568627451
61.663,5.400000000000006,0.21875
63.921,5.400000000000006,0.21839080459770116
66.179,5.400000000000006,0.16556291390728478
68.437,5.400000000000006,0.2235294117647059
70.695,5.400000000000006,0.19111111111111112
72.953,5.400000000000006,0.24918032786885247
75.21099999999998,5.400000000000006,0.23848238482384823
77.469,5.400000000000006,0.27450980392156865
79.727,5.400000000000006,0.30242825607064017
81.98499999999999,5.400000000000006,0.37044967880085655
84.243,5.400000000000006,0.3895582329317269
86.501,5.400000000000006,0.5104761904761905
88.75899999999999,5.400000000000006,0.5178268251273345
91.017,5.400000000000006,0.5072254335260116
93.275,5.400000000000006,0.5859188544152745
95.53299999999999,5.400000000000006,0.6221335992023929
97.791,5.400000000000006,0.6345347862531433
100.04899999999999,5.400000000000006,0.6766798418972332
102.30699999999999,5.400000000000006,0.6845151953690304
104.565,5.400000000000006,0.6827794561933535
106.823,5.400000000000006,0.7487179487179487
109.08099999999999,5.400000000000006,0.7772277227722773
111.339,5.400000000000006,0.8346153846153846
113.597,5.400000000000006,0.9444444444444444
115.85499999999999,5.400000000000006,0.7692307692307693
118.113,5.400000000000006,1.0
120.371,5.400000000000006,1.0
9.729,9.0,
11.987,9.0,
14.245,9.0,
16.503,9.0,0.5
18.761,9.0,
21.019,9.0,1.0
23.277,9.0,0.3333333333333333
25.535,9.0,1.0
27.793,9.0,0.0
30.051,9.0,0.0
32.309,9.0,0.3333333333333333
34.567,9.0,0.3
36.825,9.0,
39.083,9.0,0.2222222222222222
41.341,9.0,0.3333333333333333
43.599000000000004,9.0,0.3333333333333333
45.857,9.0,0.0
48.115,9.0,0.2222222222222222
50.373000000000005,9.0,0.4666666666666667
52.631,9.0,0.125
54.888999999999996,9.0,0.14814814814814814
57.147000000000006,9.0,0.1
59.405,9.0,0.07692307692307693
61.663,9.0,0.12244897959183673
63.921,9.0,0.11594202898550725
66.179,9.0,0.22727272727272727
68.437,9.0,0.2288135593220339
70.695,9.0,0.3016759776536313
72.953,9.0,0.3173076923076923
75.21099999999998,9.0,0.29554655870445345
77.469,9.0,0.37282229965156793
79.727,9.0,0.4402332361516035
81.98499999999999,9.0,0.4658753709198813
84.243,9.0,0.5368956743002544
86.501,9.0,0.563855421686747
88.75899999999999,9.0,0.5944333996023857
91.017,9.0,0.6275862068965518
93.275,9.0,0.718887262079063
95.53299999999999,9.0,0.734525447042641
97.791,9.0,0.7745995423340961
100.04899999999999,9.0,0.8053553038105047
102.30699999999999,9.0,0.8920863309352518
104.565,9.0,0.9295065458207452
106.823,9.0,0.9525547445255474
109.08099999999999,9.0,1.025242718446602
111.339,9.0,1.0881226053639848
113.597,9.0,1.1791044776119404
115.85499999999999,9.0,1.1578947368421053
118.113,9.0,1.0
120.371,9.0,2.0
9.729,12.600000000000001,
11.987,12.600000000000001,
14.245,12.600000000000001,0.0
16.503,12.600000000000001,0.3333333333333333
18.761,12.600000000000001,
21.019,12.600000000000001,0.0
23.277,12.600000000000001,0.0
25.535,12.600000000000001,0.6666666666666666
27.793,12.600000000000001,0.2222222222222222
30.051,12.600000000000001,0.5714285714285714
32.309,12.600000000000001,0.5
34.567,12.600000000000001,0.0
36.825,12.600000000000001,0.3333333333333333
39.083,12.600000000000001,0.3333333333333333
41.341,12.600000000000001,0.6666666666666666
43.599000000000004,12.600000000000001,0.07142857142857142
45.857,12.600000000000001,0.26666666666666666
48.115,12.600000000000001,0.0
50.373000000000005,12.600000000000001,0.09090909090909091
52.631,12.600000000000001,0.2222222222222222
54.888999999999996,12.600000000000001,0.16666666666666666
57.147000000000006,12.600000000000001,0.325
59.405,12.600000000000001,0.30357142857142855
61.663,12.600000000000001,0.125
63.921,12.600000000000001,0.23404255319148937
66.179,12.600000000000001,0.30201342281879195
68.437,12.600000000000001,0.31446540880503143
70.695,12.600000000000001,0.2794759825327511
72.953,12.600000000000001,0.375
75.21099999999998,12.600000000000001,0.4301994301994302
77.469,12.600000000000001,0.547486033519553
79.727,12.600000000000001,0.6121951219512195
81.98499999999999,12.600000000000001,0.7196819085487077
84.243,12.600000000000001,0.834307992202729
86.501,12.600000000000001,0.9058441558441559
88.75899999999999,12.600000000000001,0.9421128798842258
91.017,12.600000000000001,1.0050377833753148
93.275,12.600000000000001,1.038716814159292
95.53299999999999,12.600000000000001,1.089598352214212
97.791,12.600000000000001,1.1150214592274679
100.04899999999999,12.600000000000001,1.107484076433121
102.30699999999999,12.600000000000001,1.1616161616161615
104.565,12.600000000000001,1.1625693893735132
106.823,12.600000000000001,1.237842617152962
109.08099999999999,12.600000000000001,1.2306590257879657
111.339,12.600000000000001,1.2607361963190185
113.597,12.600000000000001,1.3495934959349594
115.85499999999999,12.600000000000001,1.3636363636363635
118.113,12.600000000000001,1.7272727272727273
120.371,12.600000000000001,2.0
9.729,16.200000000000003,
11.987,16.200000000000003,
14.245,16.200000000000003,1.0
16.503,16.200000000000003,
18.761,16.200000000000003,0.0
21.019,16.200000000000003,0.0
23.277,16.200000000000003,0.25
25.535,16.200000000000003,0.2
27.793,16.200000000000003,0.25
30.051,16.200000000000003,0.14285714285714285
32.309,16.200000000000003,1.0
34.567,16.200000000000003,0.0
36.825,16.200000000000003,0.5
39.083,16.200000000000003,0.2
41.341,16.200000000000003,0.3333333333333333
43.599000000000004,16.200000000000003,0.0
45.857,16.200000000000003,0.0
48.115,16.200000000000003,0.0
50.373000000000005,16.200000000000003,0.15384615384615385
52.631,16.200000000000003,0.14285714285714285
54.888999999999996,16.200000000000003,0.17142857142857143
57.147000000000006,16.200000000000003,0.1
59.405,16.200000000000003,0.13636363636363635
61.663,16.200000000000003,0.3
63.921,16.200000000000003,0.32432432432432434
66.179,16.200000000000003,0.4772727272727273
68.437,16.200000000000003,0.4830508474576271
70.695,16.200000000000003,0.6419753086419753
72.953,16.200000000000003,0.728110599078341
75.21099999999998,16.200000000000003,0.8795180722891566
77.469,16.200000000000003,0.9431438127090301
79.727,16.200000000000003,1.0238805970149254
81.98499999999999,16.200000000000003,1.0953608247422681
84.243,16.200000000000003,1.1271186440677967
86.501,16.200000000000003,1.0805084745762712
88.75899999999999,16.200000000000003,1.1257142857142857
91.017,16.200000000000003,1.0651085141903172
93.275,16.200000000000003,0.9525993883792049
95.53299999999999,16.200000000000003,0.8549422336328626
97.791,16.200000000000003,0.8764519535374868
100.04899999999999,16.200000000000003,0.8585657370517928
102.30699999999999,16.200000000000003,0.8709377901578459
104.565,16.200000000000003,0.9832985386221295
106.823,16.200000000000003,1.1
109.08099999999999,16.200000000000003,1.2084168336673347
111.339,16.200000000000003,1.2599118942731278
113.597,16.200000000000003,1.4222222222222223
115.85499999999999,16.200000000000003,1.9285714285714286
118.113,16.200000000000003,2.1666666666666665
120.371,16.200000000000003,
9.729,19.800000000000004,0.0
11.987,19.800000000000004,
14.245,19.800000000000004,1.0
16.503,19.800000000000004,0.5
18.761,19.800000000000004,0.0
21.019,19.800000000000004,0.5
23.277,19.800000000000004,0.5
25.535,19.800000000000004,0.2
27.793,19.800000000000004,0.5
30.051,19.800000000000004,0.0
32.309,19.800000000000004,0.2
34.567,19.800000000000004,0.6
36.825,19.800000000000004,0.5714285714285714
39.083,19.800000000000004,0.2857142857142857
41.341,19.800000000000004,0.3333333333333333
43.599000000000004,19.800000000000004,0.26666666666666666
45.857,19.800000000000004,0.0
48.115,19.800000000000004,0.29411764705882354
50.373000000000005,19.800000000000004,0.1875
52.631,19.800000000000004,0.25
54.888999999999996,19.800000000000004,0.1388888888888889
57.147000000000006,19.800000000000004,0.2
59.405,19.800000000000004,0.22
61.663,19.800000000000004,0.38271604938271603
63.921,19.800000000000004,0.5909090909090909
66.179,19.800000000000004,0.5693430656934306
68.437,19.800000000000004,0.774390243902439
70.695,19.800000000000004,0.9252336448598131
72.953,19.800000000000004,0.9929078014184397
75.21099999999998,19.800000000000004,1.0455764075067024
77.469,19.800000000000004,1.0564102564102564
79.727,19.800000000000004,1.0273348519362187
81.98499999999999,19.800000000000004,0.9979338842975206
84.243,19.800000000000004,0.9314775160599572
86.501,19.800000000000004,0.7746913580246914
88.75899999999999,19.800000000000004,0.6186943620178041
91.017,19.800000000000004,0.5480769230769231
93.275,19.800000000000004,0.5626373626373626
95.53299999999999,19.800000000000004,0.5814393939393939
97.791,19.800000000000004,0.5800933125972006
100.04899999999999,19.800000000000004,0.7433234421364985
102.30699999999999,19.800000000000004,0.9822282980177717
104.565,19.800000000000004,1.3497907949790795
106.823,19.800000000000004,1.772594752186589
109.08099999999999,19.800000000000004,2.2516447368421053
111.339,19.800000000000004,2.899193548387097
113.597,19.800000000000004,3.142857142857143
115.85499999999999,19.800000000000004,3.2857142857142856
118.113,19.800000000000004,3.7142857142857144
120.371,19.800000000000004,4.0
9.729,23.400000000000006,
11.987,23.400000000000006,
14.245,23.400000000000006,0.3333333333333333
16.503,23.400000000000006,
18.761,23.400000000000006,0.0
21.019,23.400000000000006,
23.277,23.400000000000006,0.3333333333333333
25.535,23.400000000000006,0.25
27.793,23.400000000000006,0.2857142857142857
30.051,23.400000000000006,0.0
32.309,23.400000000000006,0.45454545454545453
34.567,23.400000000000006,0.5
36.825,23.400000000000006,0.5
39.083,23.400000000000006,0.5
41.341,23.400000000000006,0.16666666666666666
43.599000000000004,23.400000000000006,0.0
45.857,23.400000000000006,0.07692307692307693
48.115,23.400000000000006,0.0
50.373000000000005,23.400000000000006,0.2777777777777778
52.631,23.400000000000006,0.20588235294117646
54.888999999999996,23.400000000000006,0.17647058823529413
57.147000000000006,23.400000000000006,0.3902439024390244
59.405,23.400000000000006,0.40816326530612246
61.663,23.400000000000006,0.43243243243243246
63.921,23.400000000000006,0.7264150943396226
66.179,23.400000000000006,0.8861788617886179
68.437,23.400000000000006,1.0114285714285713
70.695,23.400000000000006,1.017094017094017
72.953,23.400000000000006,1.0222222222222221
75.21099999999998,23.400000000000006,0.9565217391304348
77.469,23.400000000000006,0.8435897435897436
79.727,23.400000000000006,0.7002141327623126
81.98499999999999,23.400000000000006,0.50418410041841
84.243,23.400000000000006,0.3577405857740586
86.501,23.400000000000006,0.26881720430107525
88.75899999999999,23.400000000000006,0.21266968325791855
91.017,23.400000000000006,0.26438188494492043
93.275,23.400000000000006,0.2889952153110048
95.53299999999999,23.400000000000006,0.4250238777459408
97.791,23.400000000000006,0.7883461868037703
100.04899999999999,23.400000000000006,1.2382782475019216
102.30699999999999,23.400000000000006,1.9252615844544096
104.565,23.400000000000006,2.7284172661870505
106.823,23.400000000000006,3.3137697516930023
109.08099999999999,23.400000000000006,3.6771037181996085
111.339,23.400000000000006,3.8720379146919433
113.597,23.400000000000006,3.973333333333333
115.85499999999999,23.400000000000006,4.0
118.113,23.400000000000006,4.0
120.371,23.400000000000006,
9.729,27.0,
11.987,27.0,
14.245,27.0,
16.503,27.0,
18.761,27.0,
21.019,27.0,
23.277,27.0,0.2
25.535,27.0,0.0
27.793,27.0,0.0
30.051,27.0,0.125
32.309,27.0,0.5
34.567,27.0,0.3333333333333333
36.825,27.0,0.2
39.083,27.0,0.5
41.341,27.0,0.0
43.599000000000004,27.0,0.1
45.857,27.0,0.3333333333333333
48.115,27.0,0.0
50.373000000000005,27.0,0.15384615384615385
52.631,27.0,0.07142857142857142
54.888999999999996,27.0,0.34615384615384615
57.147000000000006,27.0,0.35
59.405,27.0,0.6756756756756757
61.663,27.0,0.6976744186046512
63.921,27.0,0.859375
66.179,27.0,1.0319148936170213
68.437,27.0,1.0256410256410255
70.695,27.0,1.0062111801242235
72.953,27.0,0.8780487804878049
75.21099999999998,27.0,0.6810344827586207
77.469,27.0,0.47674418604651164
79.727,27.0,0.2950310559006211
81.98499999999999,27.0,0.16147308781869688
84.243,27.0,0.15926892950391644
86.501,27.0,0.156312625250501
88.75899999999999,27.0,0.12524850894632206
91.017,27.0,0.17084639498432602
93.275,27.0,0.3290978398983482
95.53299999999999,27.0,0.6527093596059114
97.791,27.0,1.1168177240684793
100.04899999999999,27.0,1.6877777777777778
102.30699999999999,27.0,2.6685649202733486
104.565,27.0,3.440654843110505
106.823,27.0,3.8007889546351086
109.08099999999999,27.0,3.9452054794520546
111.339,27.0,3.9789473684210526
113.597,27.0,4.0
115.85499999999999,27.0,4.0
118.113,27.0,4.0
120.371,27.0,
9.729,30.6,0.0
11.987,30.6,0.0
14.245,30.6,0.25
16.503,30.6,0.5
18.761,30.6,
21.019,30.6,0.0
23.277,30.6,0.5
25.535,30.6,0.0
27.793,30.6,0.2857142857142857
30.051,30.6,0.5
32.309,30.6,0.25
34.567,30.6,0.25
36.825,30.6,0.25
39.083,30.6,0.3333333333333333
41.341,30.6,0.14285714285714285
43.599000000000004,30.6,0.25
45.857,30.6,0.2222222222222222
48.115,30.6,0.25
50.373000000000005,30.6,0.058823529411764705
52.631,30.6,0.32
54.888999999999996,30.6,0.2
57.147000000000006,30.6,0.2826086956521739
59.405,30.6,0.5333333333333333
61.663,30.6,0.6
63.921,30.6,0.8676470588235294
66.179,30.6,1.0080645161290323
68.437,30.6,0.9364161849710982
70.695,30.6,0.8571428571428571
72.953,30.6,0.6060606060606061
75.21099999999998,30.6,0.35782747603833864
77.469,30.6,0.20972644376899696
79.727,30.6,0.11538461538461539
81.98499999999999,30.6,0.11702127659574468
84.243,30.6,0.05220883534136546
86.501,30.6,0.07109004739336493
88.75899999999999,30.6,0.1224188790560472
91.017,30.6,0.15017064846416384
93.275,30.6,0.3895169578622816
95.53299999999999,30.6,0.6174311926605505
97.791,30.6,1.1585585585585585
100.04899999999999,30.6,1.8065395095367847
102.30699999999999,30.6,2.550395256916996
104.565,30.6,3.1989795918367347
106.823,30.6,3.677480916030534
109.08099999999999,30.6,3.8838951310861423
111.339,30.6,4.0
113.597,30.6,3.870967741935484
115.85499999999999,30.6,4.0
118.113,30.6,4.0
120.371,30.6,
9.729,34.2,
11.987,34.2,
14.245,34.2,0.0
16.503,34.2,0.0
18.761,34.2,1.0
21.019,34.2,0.5
23.277,34.2,0.0
25.535,34.2,0.2857142857142857
27.793,34.2,0.2
30.051,34.2,0.3333333333333333
32.309,34.2,0.1
34.567,34.2,0.5
36.825,34.2,0.16666666666666666
39.083,34.2,0.0
41.341,34.2,0.2
43.599000000000004,34.2,0.0
45.857,34.2,0.2
48.115,34.2,0.08333333333333333
50.373000000000005,34.2,0.0
52.631,34.2,0.23076923076923078
54.888999999999996,34.2,0.17142857142857143
57.147000000000006,34.2,0.30434782608695654
59.405,34.2,0.30303030303030304
61.663,34.2,0.6470588235294118
63.921,34.2,0.8125
66.179,34.2,0.967391304347826
68.437,34.2,0.9333333333333333
70.695,34.2,0.6883116883116883
72.953,34.2,0.4032258064516129
75.21099999999998,34.2,0.2850467289719626
77.469,34.2,0.16129032258064516
79.727,34.2,0.050359712230215826
81.98499999999999,34.2,0.05373134328358209
84.243,34.2,0.04696132596685083
86.501,34.2,0.060810810810810814
88.75899999999999,34.2,0.06092436974789916
91.017,34.2,0.08
93.275,34.2,0.22598870056497175
95.53299999999999,34.2,0.5124309392265194
97.791,34.2,0.8662162162162163
100.04899999999999,34.2,1.3520710059171597
102.30699999999999,34.2,1.964824120603015
104.565,34.2,2.8079800498753116
106.823,34.2,3.2908366533864544
109.08099999999999,34.2,3.765765765765766
111.339,34.2,3.5789473684210527
113.597,34.2,4.0
115.85499999999999,34.2,4.0
118.113,34.2,4.0
120.371,34.2,
9.729,37.8,0.0
11.987,37.8,
14.245,37.8,
16.503,37.8,
18.761,37.8,
21.019,37.8,0.0
23.277,37.8,0.42857142857142855
25.535,37.8,0.5
27.793,37.8,0.3333333333333333
30.051,37.8,0.4444444444444444
32.309,37.8,0.4
34.567,37.8,0.2
36.825,37.8,0.75
39.083,37.8,0.0
41.341,37.8,0.25
43.599000000000004,37.8,0.3333333333333333
45.857,37.8,0.07142857142857142
48.115,37.8,0.0
50.373000000000005,37.8,0.0
52.631,37.8,0.15384615384615385
54.888999999999996,37.8,0.25
57.147000000000006,37.8,0.25
59.405,37.8,0.3333333333333333
61.663,37.8,0.35
63.921,37.8,0.5952380952380952
66.179,37.8,0.7403846153846154
68.437,37.8,0.7954545454545454
70.695,37.8,0.5898876404494382
72.953,37.8,0.38497652582159625
75.21099999999998,37.8,0.15234375
77.469,37.8,0.08306709265175719
79.727,37.8,0.043227665706051875
81.98499999999999,37.8,0.0267639902676399
84.243,37.8,0.01882845188284519
86.501,37.8,0.041015625
88.75899999999999,37.8,0.04145936981757877
91.017,37.8,0.03296703296703297
93.275,37.8,0.15587529976019185
95.53299999999999,37.8,0.30512514898688914
97.791,37.8,0.46764346764346765
100.04899999999999,37.8,0.8152492668621701
102.30699999999999,37.8,1.3586206896551725
104.565,37.8,2.092391304347826
106.823,37.8,2.715686274509804
109.08099999999999,37.8,3.4761904761904763
111.339,37.8,3.3333333333333335
113.597,37.8,4.0
115.85499999999999,37.8,4.0
118.113,37.8,
120.371,37.8,
9.729,41.400000000000006,
11.987,41.400000000000006,
14.245,41.400000000000006,0.5
16.503,41.400000000000006,0.0
18.761,41.400000000000006,0.0
21.019,41.400000000000006,0.25
23.277,41.400000000000006,0.3333333333333333
25.535,41.400000000000006,0.0
27.793,41.400000000000006,0.0
30.051,41.400000000000006,0.2222222222222222
32.309,41.400000000000006,0.0
34.567,41.400000000000006,0.5
36.825,41.400000000000006,0.125
39.083,41.400000000000006,0.16666666666666666
41.341,41.400000000000006,1.0
43.599000000000004,41.400000000000006,0.1111111111111111
45.857,41.400000000000006,0.0
48.115,41.400000000000006,0.0
50.373000000000005,41.400000000000006,0.08333333333333333
52.631,41.400000000000006,0.043478260869565216
54.888999999999996,41.400000000000006,0.09090909090909091
57.147000000000006,41.400000000000006,0.2558139534883721
59.405,41.400000000000006,0.17647058823529413
61.663,41.400000000000006,0.27450980392156865
63.921,41.400000000000006,0.4857142857142857
66.179,41.400000000000006,0.51
68.437,41.400000000000006,0.5652173913043478
70.695,41.400000000000006,0.47674418604651164
72.953,41.400000000000006,0.37362637362637363
75.21099999999998,41.400000000000006,0.2459016393442623
77.469,41.400000000000006,0.10144927536231885
79.727,41.400000000000006,0.05263157894736842
81.98499999999999,41.400000000000006,0.01020408163265306
84.243,41.400000000000006,0.007575757575757576
86.501,41.400000000000006,0.007662835249042145
88.75899999999999,41.400000000000006,0.01384083044982699
91.017,41.400000000000006,0.0243161094224924
93.275,41.400000000000006,0.04057591623036649
95.53299999999999,41.400000000000006,0.0790273556231003
97.791,41.400000000000006,0.2560386473429952
100.04899999999999,41.400000000000006,0.3398268398268398
102.30699999999999,41.400000000000006,0.533724340175953
104.565,41.400000000000006,1.1840796019900497
106.823,41.400000000000006,2.0833333333333335
109.08099999999999,41.400000000000006,2.7058823529411766
111.339,41.400000000000006,2.0
113.597,41.400000000000006,4.0
115.85499999999999,41.400000000000006,
118.113,41.400000000000006,
120.371,41.400000000000006,
9.729,45.000000000000014,
11.987,45.000000000000014,0.0
14.245,45.000000000000014,0.5
16.503,45.000000000000014,
18.761,45.000000000000014,1.0
21.019,45.000000000000014,
23.277,45.000000000000014,0.16666666666666666
25.535,45.000000000000014,0.0
27.793,45.000000000000014,
30.051,45.000000000000014,0.0
32.309,45.000000000000014,0.0
34.567,45.000000000000014,0.0
36.825,45.000000000000014,0.5
39.083,45.000000000000014,0.0
41.341,45.000000000000014,
43.599000000000004,45.000000000000014,0.3333333333333333
45.857,45.000000000000014,0.0
48.115,45.000000000000014,0.0
50.373000000000005,45.000000000000014,0.0
52.631,45.000000000000014,0.0
54.888999999999996,45.000000000000014,0.05263157894736842
57.147000000000006,45.000000000000014,0.11538461538461539
59.405,45.000000000000014,0.20588235294117646
61.663,45.000000000000014,0.13793103448275862
63.921,45.000000000000014,0.28888888888888886
66.179,45.000000000000014,0.36764705882352944
68.437,45.000000000000014,0.52
70.695,45.000000000000014,0.26956521739130435
72.953,45.000000000000014,0.2283464566929134
75.21099999999998,45.000000000000014,0.16363636363636364
77.469,45.000000000000014,0.07027027027027027
79.727,45.000000000000014,0.03056768558951965
81.98499999999999,45.000000000000014,0.017921146953405017
84.243,45.000000000000014,0.04234527687296417
86.501,45.000000000000014,0.0
88.75899999999999,45.000000000000014,0.002770083102493075
91.017,45.000000000000014,0.010706638115631691
93.275,45.000000000000014,0.002036659877800407
95.53299999999999,45.000000000000014,0.021634615384615384
97.791,45.000000000000014,0.05459770114942529
100.04899999999999,45.000000000000014,0.124
102.30699999999999,45.000000000000014,0.0896551724137931
104.565,45.000000000000014,0.23255813953488372
106.823,45.000000000000014,0.8421052631578947
109.08099999999999,45.000000000000014,1.3333333333333333
111.339,45.000000000000014,4.0
113.597,45.000000000000014,4.0
115.85499999999999,45.000000000000014,
118.113,45.000000000000014,
120.371,45.000000000000014,
9.729,48.60000000000001,
11.987,48.60000000000001,
14.245,48.60000000000001,0.0
16.503,48.60000000000001,1.0
18.761,48.60000000000001,0.0
21.019,48.60000000000001,0.6666666666666666
23.277,48.60000000000001,0.0
25.535,48.60000000000001,0.3333333333333333
27.793,48.60000000000001,0.0
30.051,48.60000000000001,0.4
32.309,48.60000000000001,0.2
34.567,48.60000000000001,0.0
36.825,48.60000000000001,0.0
39.083,48.60000000000001,0.5
41.341,48.60000000000001,0.0
43.599000000000004,48.60000000000001,0.0
45.857,48.60000000000001,0.0
48.115,48.60000000000001,0.0
50.373000000000005,48.60000000000001,0.0
52.631,48.60000000000001,0.0
54.888999999999996,48.60000000000001,0.09523809523809523
57.147000000000006,48.60000000000001,0.034482758620689655
59.405,48.60000000000001,0.02127659574468085
61.663,48.60000000000001,0.225
63.921,48.60000000000001,0.17073170731707318
66.179,48.60000000000001,0.23333333333333334
68.437,48.60000000000001,0.23076923076923078
70.695,48.60000000000001,0.1721311475409836
72.953,48.60000000000001,0.17333333333333334
75.21099999999998,48.60000000000001,0.10465116279069768
77.469,48.60000000000001,0.07723577235772358
79.727,48.60000000000001,0.04797047970479705
81.98499999999999,48.60000000000001,0.043076923076923075
84.243,48.60000000000001,0.0056657223796034
86.501,48.60000000000001,0.006864988558352402
88.75899999999999,48.60000000000001,0.010548523206751054
91.017,48.60000000000001,0.0
93.275,48.60000000000001,0.008
95.53299999999999,48.60000000000001,0.0
97.791,48.60000000000001,0.026785714285714284
100.04899999999999,48.60000000000001,0.01834862385321101
102.30699999999999,48.60000000000001,0.09174311926605505
104.565,48.60000000000001,0.028985507246376812
106.823,48.60000000000001,0.5
109.08099999999999,48.60000000000001,0.0
111.339,48.60000000000001,
113.597,48.60000000000001,2.0
115.85499999999999,48.60000000000001,
118.113,48.60000000000001,
120.371,48.60000000000001,
9.729,52.2,
11.987,52.2,0.0
14.245,52.2,0.0
16.503,52.2,
18.761,52.2,
21.019,52.2,
23.277,52.2,0.5
25.535,52.2,0.0
27.793,52.2,0.0
30.051,52.2,0.0
32.309,52.2,0.5
34.567,52.2,0.5
36.825,52.2,0.0
39.083,52.2,0.0
41.341,52.2,0.0
43.599000000000004,52.2,0.3333333333333333
45.857,52.2,0.0
48.115,52.2,0.0
50.373000000000005,52.2,0.0
52.631,52.2,0.0
54.888999999999996,52.2,0.0
57.147000000000006,52.2,0.0
59.405,52.2,0.0
61.663,52.2,0.08333333333333333
63.921,52.2,0.07142857142857142
66.179,52.2,0.04
68.437,52.2,0.03896103896103896
70.695,52.2,0.16483516483516483
72.953,52.2,0.2079207920792079
75.21099999999998,52.2,0.10317460317460317
77.469,52.2,0.08284023668639054
79.727,52.2,0.08376963350785341
81.98499999999999,52.2,0.046948356807511735
84.243,52.2,0.021834061135371178
86.501,52.2,0.029605263157894735
88.75899999999999,52.2,0.009146341463414634
91.017,52.2,0.0056022408963585435
93.275,52.2,0.012269938650306749
95.53299999999999,52.2,0.01509433962264151
97.791,52.2,0.014778325123152709
100.04899999999999,52.2,0.05309734513274336
102.30699999999999,52.2,0.0
104.565,52.2,0.0
106.823,52.2,0.0
109.08099999999999,52.2,0.6666666666666666
111.339,52.2,
113.597,52.2,
115.85499999999999,52.2,
118.113,52.2,
120.371,52.2,
9.729,55.8,0.0
11.987,55.8,
14.245,55.8,0.5
16.503,55.8,0.0
18.761,55.8,
21.019,55.8,0.0
23.277,55.8,0.0
25.535,55.8,0.0
27.793,55.8,0.0
30.051,55.8,0.0
32.309,55.8,0.0
34.567,55.8,0.0
36.825,55.8,0.0
39.083,55.8,0.0
41.341,55.8,0.0
43.599000000000004,55.8,0.2857142857142857
45.857,55.8,0.0
48.115,55.8,0.0
50.373000000000005,55.8,0.0
52.631,55.8,0.0
54.888999999999996,55.8,0.0
57.147000000000006,55.8,0.0
59.405,55.8,0.0
61.663,55.8,0.04081632653061224
63.921,55.8,0.016666666666666666
66.179,55.8,0.03488372093023256
68.437,55.8,0.031914893617021274
70.695,55.8,0.0410958904109589
72.953,55.8,0.0975609756097561
75.21099999999998,55.8,0.0967741935483871
77.469,55.8,0.05405405405405406
79.727,55.8,0.025423728813559324
81.98499999999999,55.8,0.037037037037037035
84.243,55.8,0.016611295681063124
86.501,55.8,0.023255813953488372
88.75899999999999,55.8,0.005221932114882507
91.017,55.8,0.02444987775061125
93.275,55.8,0.005681818181818182
95.53299999999999,55.8,0.016
97.791,55.8,0.016304347826086956
100.04899999999999,55.8,0.0
102.30699999999999,55.8,0.0
104.565,55.8,0.0
106.823,55.8,0.0
109.08099999999999,55.8,
111.339,55.8,
113.597,55.8,
115.85499999999999,55.8,
118.113,55.8,
120.371,55.8,
9.729,59.400000000000006,0.0
11.987,59.400000000000006,0.0
14.245,59.400000000000006,
16.503,59.400000000000006,
18.761,59.400000000000006,
21.019,59.400000000000006,0.0
23.277,59.400000000000006,0.0
25.535,59.400000000000006,0.0
27.793,59.400000000000006,0.0
30.051,59.400000000000006,0.16666666666666666
32.309,59.400000000000006,0.0
34.567,59.400000000000006,0.5
36.825,59.400000000000006,0.0
39.083,59.400000000000006,0.0
41.341,59.400000000000006,
43.599000000000004,59.400000000000006,0.0
45.857,59.400000000000006,0.0
48.115,59.400000000000006,0.0
50.373000000000005,59.400000000000006,0.0
52.631,59.400000000000006,0.0
54.888999999999996,59.400000000000006,0.0
57.147000000000006,59.400000000000006,0.0
59.405,59.400000000000006,0.0
61.663,59.400000000000006,0.0
63.921,59.400000000000006,0.0
66.179,59.400000000000006,0.011235955056179775
68.437,59.400000000000006,0.0
70.695,59.400000000000006,0.00819672131147541
72.953,59.400000000000006,0.027972027972027972
75.21099999999998,59.400000000000006,0.029940119760479042
77.469,59.400000000000006,0.0049261083743842365
79.727,59.400000000000006,0.03365384615384615
81.98499999999999,59.400000000000006,0.060240963855421686
84.243,59.400000000000006,0.025078369905956112
86.501,59.400000000000006,0.03333333333333333
88.75899999999999,59.400000000000006,0.02064896755162242
91.017,59.400000000000006,0.012307692307692308
93.275,59.400000000000006,0.017123287671232876
95.53299999999999,59.400000000000006,0.0427807486631016
97.791,59.400000000000006,0.03821656050955414
100.04899999999999,59.400000000000006,0.03333333333333333
102.30699999999999,59.400000000000006,0.0
104.565,59.400000000000006,0.0
106.823,59.400000000000006,0.0
109.08099999999999,59.400000000000006,
111.339,59.400000000000006,0.0
113.597,59.400000000000006,
115.85499999999999,59.400000000000006,
118.113,59.400000000000006,
120.371,59.400000000000006,
9.729,63.000000000000014,
11.987,63.000000000000014,
14.245,63.000000000000014,
16.503,63.000000000000014,0.0
18.761,63.000000000000014,
21.019,63.000000000000014,
23.277,63.000000000000014,0.0
25.535,63.000000000000014,
27.793,63.000000000000014,
30.051,63.000000000000014,0.0
32.309,63.000000000000014,0.0
34.567,63.000000000000014,
36.825,63.000000000000014,0.0
39.083,63.000000000000014,
41.341,63.000000000000014,0.0
43.599000000000004,63.000000000000014,0.4
45.857,63.000000000000014,1.0
48.115,63.000000000000014,0.0
50.373000000000005,63.000000000000014,0.0
52.631,63.000000000000014,0.0
54.888999999999996,63.000000000000014,0.0
57.147000000000006,63.000000000000014,0.0
59.405,63.000000000000014,0.0
61.663,63.000000000000014,0.0
63.921,63.000000000000014,0.0
66.179,63.000000000000014,0.0
68.437,63.000000000000014,0.0
70.695,63.000000000000014,0.0
72.953,63.000000000000014,0.0
75.21099999999998,63.000000000000014,0.008547008547008548
77.469,63.000000000000014,0.017543859649122806
79.727,63.000000000000014,0.037037037037037035
81.98499999999999,63.000000000000014,0.004878048780487805
84.243,63.000000000000014,0.013452914798206279
86.501,63.000000000000014,0.02109704641350211
88.75899999999999,63.000000000000014,0.008849557522123894
91.017,63.000000000000014,0.023255813953488372
93.275,63.000000000000014,0.012987012987012988
95.53299999999999,63.000000000000014,0.038461538461538464
97.791,63.000000000000014,0.0
100.04899999999999,63.000000000000014,0.0
102.30699999999999,63.000000000000014,0.0
104.565,63.000000000000014,0.0
106.823,63.000000000000014,0.0
109.08099999999999,63.000000000000014,
111.339,63.000000000000014,
113.597,63.000000000000014,
115.85499999999999,63.000000000000014,
118.113,63.000000000000014,
120.371,63.000000000000014,
9.729,66.60000000000001,0.0
11.987,66.60000000000001,0.0
14.245,66.60000000000001,
16.503,66.60000000000001,0.0
18.761,66.60000000000001,0.0
21.019,66.60000000000001,
23.277,66.60000000000001,
25.535,66.60000000000001,0.0
27.793,66.60000000000001,1.0
30.051,66.60000000000001,0.0
32.309,66.60000000000001,0.0
34.567,66.60000000000001,0.0
36.825,66.60000000000001,0.0
39.083,66.60000000000001,0.5
41.341,66.60000000000001,0.0
43.599000000000004,66.60000000000001,0.0
45.857,66.60000000000001,0.0
48.115,66.60000000000001,0.0
50.373000000000005,66.60000000000001,0.0
52.631,66.60000000000001,0.0
54.888999999999996,66.60000000000001,0.0
57.147000000000006,66.60000000000001,0.0
59.405,66.60000000000001,0.0
61.663,66.60000000000001,0.0
63.921,66.60000000000001,0.0
66.179,66.60000000000001,0.0
68.437,66.60000000000001,0.0
70.695,66.60000000000001,0.0070921985815602835
72.953,66.60000000000001,0.0
75.21099999999998,66.60000000000001,0.0
77.469,66.60000000000001,0.0
79.727,66.60000000000001,0.014354066985645933
81.98499999999999,66.60000000000001,0.0
84.243,66.60000000000001,0.017921146953405017
86.501,66.60000000000001,0.010169491525423728
88.75899999999999,66.60000000000001,0.02066115702479339
91.017,66.60000000000001,0.0041841004184100415
93.275,66.60000000000001,0.01282051282051282
95.53299999999999,66.60000000000001,0.0
97.791,66.60000000000001,0.029411764705882353
100.04899999999999,66.60000000000001,0.0
102.30699999999999,66.60000000000001,0.0
104.565,66.60000000000001,0.0
106.823,66.60000000000001,
109.08099999999999,66.60000000000001,0.0
111.339,66.60000000000001,
113.597,66.60000000000001,
115.85499999999999,66.60000000000001,
118.113,66.60000000000001,
120.371,66.60000000000001,
9.729,70.2,0.0
11.987,70.2,
14.245,70.2,
16.503,70.2,0.0
18.761,70.2,
21.019,70.2,
23.277,70.2,1.0
25.535,70.2,0.0
27.793,70.2,0.0
30.051,70.2,
32.309,70.2,0.0
34.567,70.2,
36.825,70.2,0.0
39.083,70.2,0.0
41.341,70.2,0.0
43.599000000000004,70.2,0.0
45.857,70.2,0.0
48.115,70.2,0.0
50.373000000000005,70.2,0.0
52.631,70.2,0.0
54.888999999999996,70.2,0.0
57.147000000000006,70.2,0.0
59.405,70.2,0.0
61.663,70.2,0.0
63.921,70.2,0.0
66.179,70.2,0.0
68.437,70.2,0.0
70.695,70.2,0.0
72.953,70.2,0.0
75.21099999999998,70.2,0.0
77.469,70.2,0.0
79.727,70.2,0.012048192771084338
81.98499999999999,70.2,0.0
84.243,70.2,0.0
86.501,70.2,0.0
88.75899999999999,70.2,0.0
91.017,70.2,0.0
93.275,70.2,0.0
95.53299999999999,70.2,0.0
97.791,70.2,0.0
100.04899999999999,70.2,0.0
102.30699999999999,70.2,0.0
104.565,70.2,0.0
106.823,70.2,0.0
109.08099999999999,70.2,
111.339,70.2,
113.597,70.2,
115.85499999999999,70.2,
118.113,70.2,
120.371,70.2,
9.729,73.8,
11.987,73.8,
14.245,73.8,0.0
16.503,73.8,0.0
18.761,73.8,0.0
21.019,73.8,0.0
23.277,73.8,0.0
25.535,73.8,0.5
27.793,73.8,0.3333333333333333
30.051,73.8,0.0
32.309,73.8,0.0
34.567,73.8,0.0
36.825,73.8,
39.083,73.8,0.0
41.341,73.8,0.0
43.599000000000004,73.8,0.0
45.857,73.8,0.0
48.115,73.8,0.0
50.373000000000005,73.8,0.0
52.631,73.8,0.0
54.888999999999996,73.8,0.0
57.147000000000006,73.8,0.0
59.405,73.8,0.0
61.663,73.8,0.0
63.921,73.8,0.0
66.179,73.8,0.0
68.437,73.8,0.0
70.695,73.8,0.0
72.953,73.8,0.0
75.21099999999998,73.8,0.0
77.469,73.8,0.0
79.727,73.8,0.0
81.98499999999999,73.8,0.005405405405405406
84.243,73.8,0.004807692307692308
86.501,73.8,0.0
88.75899999999999,73.8,0.011428571428571429
91.017,73.8,0.0
93.275,73.8,0.0
95.53299999999999,73.8,0.017857142857142856
97.791,73.8,0.0
100.04899999999999,73.8,0.0
102.30699999999999,73.8,0.0
104.565,73.8,0.0
106.823,73.8,
109.08099999999999,73.8,
111.339,73.8,
113.597,73.8,
115.85499999999999,73.8,
118.113,73.8,
120.371,73.8,
9.729,77.4,
11.987,77.4,
14.245,77.4,0.0
16.503,77.4,0.0
18.761,77.4,
21.019,77.4,
23.277,77.4,
25.535,77.4,
27.793,77.4,0.0
30.051,77.4,0.0
32.309,77.4,0.0
34.567,77.4,0.0
36.825,77.4,0.0
39.083,77.4,0.0
41.341,77.4,0.0
43.599000000000004,77.4,0.0
45.857,77.4,0.0
48.115,77.4,0.0
50.373000000000005,77.4,0.0
52.631,77.4,0.0
54.888999999999996,77.4,0.0
57.147000000000006,77.4,0.0
59.405,77.4,0.0
61.663,77.4,0.0
63.921,77.4,0.041666666666666664
66.179,77.4,0.0
68.437,77.4,0.017543859649122806
70.695,77.4,0.0
72.953,77.4,0.0
75.21099999999998,77.4,0.00819672131147541
77.469,77.4,0.0
79.727,77.4,0.0
81.98499999999999,77.4,0.0
84.243,77.4,0.0
86.501,77.4,0.0
88.75899999999999,77.4,0.0
91.017,77.4,0.033707865168539325
93.275,77.4,0.0
95.53299999999999,77.4,0.0
97.791,77.4,0.1111111111111111
100.04899999999999,77.4,0.0
102.30699999999999,77.4,0.0
104.565,77.4,0.0
106.823,77.4,
109.08099999999999,77.4,
111.339,77.4,
113.597,77.4,
115.85499999999999,77.4,
118.113,77.4,
120.371,77.4,
9.729,81.00000000000001,
11.987,81.00000000000001,
14.245,81.00000000000001,0.0
16.503,81.00000000000001,
18.761,81.00000000000001,0.0
21.019,81.00000000000001,0.0
23.277,81.00000000000001,
25.535,81.00000000000001,
27.793,81.00000000000001,0.0
30.051,81.00000000000001,0.0
32.309,81.00000000000001,
34.567,81.00000000000001,0.0
36.825,81.00000000000001,0.0
39.083,81.00000000000001,0.0
41.341,81.00000000000001,0.0
43.599000000000004,81.00000000000001,0.0
45.857,81.00000000000001,0.0
48.115,81.00000000000001,0.0
50.373000000000005,81.00000000000001,0.0
52.631,81.00000000000001,0.0
54.888999999999996,81.00000000000001,0.07692307692307693
57.147000000000006,81.00000000000001,0.0
59.405,81.00000000000001,0.0
61.663,81.00000000000001,0.0
63.921,81.00000000000001,0.0
66.179,81.00000000000001,0.0
68.437,81.00000000000001,0.0
70.695,81.00000000000001,0.0
72.953,81.00000000000001,0.0
75.21099999999998,81.00000000000001,0.0
77.469,81.00000000000001,0.0
79.727,81.00000000000001,0.0
81.98499999999999,81.00000000000001,0.0
84.243,81.00000000000001,0.0
86.501,81.00000000000001,0.0
88.75899999999999,81.00000000000001,0.0
91.017,81.00000000000001,0.0
93.275,81.00000000000001,0.0
95.53299999999999,81.00000000000001,0.0
97.791,81.00000000000001,
100.04899999999999,81.00000000000001,
102.30699999999999,81.00000000000001,
104.565,81.00000000000001,
106.823,81.00000000000001,
109.08099999999999,81.00000000000001,
111.339,81.00000000000001,
113.597,81.00000000000001,
115.85499999999999,81.00000000000001,
118.113,81.00000000000001,
120.371,81.00000000000001,
9.729,84.60000000000001,
11.987,84.60000000000001,
14.245,84.60000000000001,
16.503,84.60000000000001,
18.761,84.60000000000001,0.0
21.019,84.60000000000001,
23.277,84.60000000000001,0.0
25.535,84.60000000000001,0.0
27.793,84.60000000000001,
30.051,84.60000000000001,0.0
32.309,84.60000000000001,0.0
34.567,84.60000000000001,0.0
36.825,84.60000000000001,0.0
39.083,84.60000000000001,0.0
41.341,84.60000000000001,0.0
43.599000000000004,84.60000000000001,
45.857,84.60000000000001,0.0
48.115,84.60000000000001,0.0
50.373000000000005,84.60000000000001,0.0
52.631,84.60000000000001,0.0
54.888999999999996,84.60000000000001,0.0
57.147000000000006,84.60000000000001,0.0
59.405,84.60000000000001,0.0
61.663,84.60000000000001,0.0
63.921,84.60000000000001,0.0
66.179,84.60000000000001,0.0
68.437,84.60000000000001,0.0
70.695,84.60000000000001,0.0
72.953,84.60000000000001,0.0
75.21099999999998,84.60000000000001,0.0
77.469,84.60000000000001,0.0
79.727,84.60000000000001,0.0
81.98499999999999,84.60000000000001,0.0
84.243,84.60000000000001,0.02
86.501,84.60000000000001,0.0
88.75899999999999,84.60000000000001,0.0
91.017,84.60000000000001,0.0
93.275,84.60000000000001,0.0
95.53299999999999,84.60000000000001,0.0
97.791,84.60000000000001,0.0
100.04899999999999,84.60000000000001,
102.30699999999999,84.60000000000001,
104.565,84.60000000000001,
106.823,84.60000000000001,
109.08099999999999,84.60000000000001,
111.339,84.60000000000001,
113.597,84.60000000000001,
115.85499999999999,84.60000000000001,
118.113,84.60000000000001,
120.371,84.60000000000001,
9.729,88.2,
11.987,88.2,
14.245,88.2,
16.503,88.2,
18.761,88.2,
21.019,88.2,
23.277,88.2,
25.535,88.2,
27.793,88.2,
30.051,88.2,
32.309,88.2,
34.567,88.2,
36.825,88.2,0.0
39.083,88.2,0.0
41.341,88.2,
43.599000000000004,88.2,
45.857,88.2,
48.115,88.2,0.0
50.373000000000005,88.2,
52.631,88.2,
54.888999999999996,88.2,0.0
57.147000000000006,88.2,0.0
59.405,88.2,0.0
61.663,88.2,0.0
63.921,88.2,0.0
66.179,88.2,0.0
68.437,88.2,0.0
70.695,88.2,0.0
72.953,88.2,0.0
75.21099999999998,88.2,0.0
77.469,88.2,0.0
79.727,88.2,0.0
81.98499999999999,88.2,0.0
84.243,88.2,0.0
86.501,88.2,0.0
88.75899999999999,88.2,0.0
91.017,88.2,0.0
93.275,88.2,
95.53299999999999,88.2,
97.791,88.2,
100.04899999999999,88.2,
102.30699999999999,88.2,
104.565,88.2,
106.823,88.2,
109.08099999999999,88.2,
111.339,88.2,
113.597,88.2,
115.85499999999999,88.2,
118.113,88.2,
120.371,88.2,
